Years,County,radiation_spr,radiation_sum,meantemp_spr,meantemp_sum,maxtemp_spr,maxtemp_sum,mintemp_spr,mintemp_sum,humidity_spr,humidity_sum,windspeed_spr,windspeed_sum,precipitation_spr,precipitation_sum,Porumb boabe,Cartofi - total,Floarea soarelui,Soia boabe
1990,Mehedinti,0.652471748,0.617864574,-0.057385821,-1.237697279,0.328916276,-0.737041368,-0.452802249,-2.016873408,0.478920252,0.315779561,-2.268567711,-2.694127759,-0.525982883,-0.577942724,-1.309415035,-2.299576296,-1.45916052,-1.749912911
1990,Olt,0.454230047,0.452566188,0.74685946,0.437312844,0.848553804,0.483016817,0.554998344,0.372648313,-0.085038813,0.288083367,0.972972609,0.961631021,0.442631025,0.117377463,0.997777611,0.529852615,0.964435981,-0.0386522
1990,Mures,0.701429936,0.428876543,0.710374953,0.80213998,0.650668625,0.603880072,0.720068706,1.210916874,0.171057145,0.028696636,1.013889487,1.261778473,-0.240322152,-0.141827013,0.578395418,0.857013819,-0.08464928,0.769655956
1990,Iasi,0.207978998,0.645472152,1.101692817,0.66046724,0.868618309,0.454776555,0.612394667,0.609406991,-0.194906834,0.14278615,0.152461561,0.319607444,-0.495634097,0.063542458,,,,
1990,Ialomita,-0.514178373,0.116867723,-0.595279482,-0.118734114,-0.869652799,-0.316367921,-0.291772138,-0.042117094,0.644455689,0.741095297,-0.918996411,-1.876986854,1.216048082,1.156896437,-1.453824767,-1.208011071,-0.527644896,-0.94474367
1990,Galati,-0.148242035,-0.109241806,-1.969742951,-1.342848667,-1.68712167,-1.040453958,-1.907918122,-1.698639336,0.621285102,0.83874744,-1.213016417,-2.123928324,0.832262553,0.37852468,-0.293697326,-0.337707244,-0.649918904,-0.763799147
1990,Neamt,-0.721667839,0.185795826,1.597146684,1.423451089,1.317295255,1.269061301,1.66436055,1.528320852,-0.110213799,0.33213355,0.965492195,-0.124557302,1.41969293,-0.119202861,-0.5926797,-1.244953741,-1.453614335,1.169528247
1990,Sibiu,-0.120012148,0.49737941,0.912472859,1.174599188,0.616052951,0.817158045,1.434547633,1.549653305,-2.443738574,-2.376565906,0.320029907,0.557819087,0.103788806,-1.427125972,0.742977588,-0.546824885,0.89657646,1.3792004
1990,Prahova,0.496276467,-0.047191259,0.151059477,-0.41848996,0.453998047,-0.353770897,-0.206868608,-0.188809712,0.371485845,0.607323141,-1.289344111,-0.875160834,-1.163874365,1.3240724,0.28132038,-0.249282752,-0.382675245,0.300688321
1990,Maramures,-0.218951525,-0.512151948,1.007691255,-0.150796086,0.584910923,-0.531500347,1.492385342,0.329047222,-0.201872858,-0.335625783,-0.008058876,-0.082094601,-1.784087375,-0.627047516,-1.120902202,-1.00468195,-0.723356502,0.155182729
1990,Bihor,0.858312717,0.72673969,0.488486907,0.689044304,1.065388064,0.809456223,-0.29619124,0.536594658,-1.381635014,-0.74660534,1.296525563,0.769790939,-0.512099974,-0.113873481,-0.252696176,0.259703065,-0.090300841,-0.584053588
1990,Constanta,-2.64552907,-2.343056443,-2.689022898,-3.882163142,-3.626451962,-4.217571452,-0.937045131,-3.164692491,-4.216915934,-4.169963324,-2.978270542,-2.756894987,-2.102425103,-1.825735675,0.053137603,-0.607650291,0.513361933,1.476024719
1990,Cluj,0.557009989,0.83562682,0.483596709,0.499582029,0.460672609,0.460546884,0.530967285,0.618647496,0.646486048,0.477178668,1.035911275,1.493163808,0.390319494,-0.218376472,-0.262624283,-0.200266321,-0.268809635,-0.344688847
1990,Bistrita-Nasaud,-0.485577684,-0.016024731,-0.127294742,-0.574724812,-0.283846719,-0.393904304,0.228146629,-0.661205463,0.69242042,0.73636469,-0.532330854,-0.631721345,1.662653434,1.899333998,-0.278563111,-0.657496067,0.040905498,-0.397796113
1990,Timis,0.898291828,0.49002799,-1.292504807,-0.695695054,-0.618622553,-0.331915875,-1.993193586,-1.323088584,0.338427485,0.236153433,-0.118106842,0.509886742,-1.428146038,-0.97225106,-0.313728054,2.096427502,-0.09246493,-0.251168194
1990,Dambovita,0.117471159,0.55191104,-0.145693998,0.40067197,-0.170013,0.570124937,-0.248965865,-0.2486879,0.389472663,-0.49713518,-1.395931042,0.241543538,0.292758122,-1.253412077,0.036153556,-0.56523815,-0.038993491,0.7061164
1990,Teleorman,-0.672972669,0.386793926,-0.265550493,0.43685301,-0.493268717,0.069928841,0.211508456,1.130427062,-1.371469832,-1.427874095,0.26588654,0.133516262,-0.108188022,0.104463231,-0.487871628,1.947599233,,
1990,Gorj,-0.145057562,0.02339479,0.213487796,0.360931309,-0.039017997,0.259536078,0.796271095,0.875030322,0.752852164,0.6617689,-0.16932674,-0.127745425,1.815271269,0.663517526,0.592213372,0.808763836,1.023378167,0.788354854
1990,Ilfov,0.407572413,0.025462104,-1.330586194,-1.239739243,-0.969007108,-0.953280973,-1.667309527,-1.588270504,0.661538899,0.711441683,0.689615746,0.999025688,-0.605199941,0.290351988,-1.567935668,0.623427526,-1.526929632,-1.632591756
1990,Alba,0.413699272,0.614694341,-0.357988205,0.541153725,-0.330657687,0.39080198,-0.195077557,0.652932459,0.335627318,0.304266563,0.848383733,0.580798703,-0.299562039,-0.741121448,-0.721593755,-1.010126737,-0.744452272,0.15117333
1990,Hunedoara,0.060555018,-0.135024689,0.003488632,0.868139448,-0.136839425,0.460028029,0.275948162,1.645905992,-3.279929142,-3.188922302,0.995038406,1.283893179,-1.738138444,-1.58227701,-0.195357109,-0.492502462,-0.31011393,-1.325608742
1990,Satu Mare,0.663269267,0.322408288,1.052036892,0.395002916,0.936920915,0.431952401,1.013694845,0.503377154,0.55606903,0.448456088,-0.297186809,-0.278742523,-0.695168812,0.559744803,0.271836788,0.29446891,-1.498101723,-0.441982864
1990,Buzau,0.539208572,-0.095087739,-1.384364963,-1.187175972,-1.147062616,-1.016143513,-1.714578979,-1.218639271,0.664218049,0.958502377,0.948195028,0.99425943,0.610818989,2.268797909,0.094128131,-0.368642623,-0.358542546,0.143524252
1990,Harghita,-0.273473255,0.564043705,0.801136875,0.962827618,0.314236756,0.743709452,1.022018834,1.055611584,0.561420071,0.376512439,-0.267299316,-0.580255005,0.288100316,0.442075884,-0.543995534,-0.102604324,-0.44604317,
1990,Suceava,-0.743443281,0.133813611,1.553452809,1.369344008,1.308511284,1.259493348,1.580835503,1.444466392,-0.107065862,0.367211632,1.098119599,-0.074066195,1.250756724,-0.130629234,-1.577165186,-1.497755652,-0.970531253,-1.86997133
1990,Salaj,0.356403852,0.246498829,-0.093257496,0.58814251,-0.139344938,0.356994012,0.118273158,0.765468363,0.568294095,0.626382774,0.839906025,0.217309858,-0.49913374,-0.487787609,-0.234822955,0.564185603,-1.278804754,
1990,Vaslui,0.735382524,0.703991895,1.559542493,0.612446263,1.47994098,0.560963146,1.047314375,0.090096961,0.295353004,-0.194480136,-0.323000883,-0.802425885,-0.498495672,-1.506791603,-0.925203293,-1.66066005,-1.274011614,
1990,Caras-Severin,-3.116822967,-3.655301845,0.535138097,-0.10446054,0.805578606,0.05170378,0.008832705,-0.028069549,-0.107890772,0.310257164,0.495901065,0.141582134,-0.438469773,2.130818989,0.621095494,-1.491352928,1.152870016,1.479438963
1990,Giurgiu,0.061839217,0.182007931,-0.737639548,-0.205789734,-0.456569094,0.116341606,-0.940757946,-0.716119681,0.410116585,0.348558953,-0.408920485,-1.022337914,0.988060701,-0.572784186,1.928099527,0.046214942,1.223489901,0.621741428
1990,Bacau,0.41966964,0.497897504,0.053023347,0.430653896,0.125608643,0.334438807,-0.081291202,0.471632463,0.815524499,0.611843903,-0.405985595,-0.277558713,0.207240269,0.252710611,-0.57492211,-0.188337219,-0.764462352,
1990,Vrancea,0.193389698,0.143585287,-2.053838553,-1.168113859,-1.83365299,-1.074637628,-2.096675229,-1.391385729,0.678983473,0.707182158,-0.243335841,0.473099009,-0.346216251,0.131860515,,,,
1990,Arges,1.256800747,0.991485767,1.116370337,0.790134837,1.19954687,0.825353244,0.794558706,0.303782152,0.312133941,-0.335286545,0.857549568,1.289643421,-1.308245046,-1.417156033,-0.294871923,0.084731537,,
1990,Valcea,-0.152232668,-0.149654238,0.685535643,-0.6664348,0.822793124,-0.344159761,0.626538986,-0.858683105,0.45092371,0.635356985,-0.701128145,-0.131022731,0.352283139,0.956370828,2.507936746,-0.864106375,1.788347931,1.769243517
1990,Brasov,1.167167318,0.717609187,0.969652812,0.795512268,1.121554884,0.91581821,0.516310202,0.468768138,0.23068944,-0.072156062,0.402357897,0.855001002,-0.123554441,0.016606622,0.505824751,0.587880402,0.301030178,0.472434623
1990,Tulcea,0.908948662,0.553047075,0.860952232,1.040104392,1.012000298,1.039951741,0.505265171,0.838590327,0.714039872,0.534915444,0.914409245,1.402350582,-0.894254844,-0.338852525,-0.228140032,-0.096042817,-0.873159846,
1990,Dolj,0.373095379,-0.411282987,-1.871932189,-1.218406195,-1.549965559,-1.269638888,-2.077399405,-1.008667453,0.753447274,1.063138359,1.470543261,-0.271268426,0.171680782,2.159909327,-0.417361684,-0.100907147,-0.787677547,-0.192310549
1990,Arad,-0.007857675,0.202879422,-0.730453078,-0.398224563,-0.60461839,-0.309985727,-0.649094607,-0.336413331,0.48241972,0.416378738,-1.001247257,-1.498031293,0.526715338,0.984032148,-1.586664043,-1.007246351,-1.711763082,-1.720301189
1990,Botosani,-0.126401524,-0.304374431,1.669646476,1.413132206,1.420251644,1.258594808,1.808100607,1.418421583,0.050979141,0.130102021,0.012598775,0.291591197,1.781429625,-0.911496591,0.268435841,0.375023638,1.357682971,-0.18538612
1990,Covasna,0.08619325,0.207242657,0.111848065,-0.073450759,0.32980982,0.218634271,-0.14706993,-0.548269902,0.410908335,0.283240574,-0.546230599,-0.206230227,0.569761084,0.160368546,0.877505453,-0.239798968,0.828892858,0.82246768
1990,Braila,-1.13974186,-1.168118307,-0.577127767,-1.773196167,-1.403983181,-2.153189635,0.636577676,-1.069731637,-3.192048465,-3.139372249,-0.978680429,-1.015603422,-1.754721566,-0.914894909,2.735570511,0.525530794,1.847225958,2.576926189
1990,Calarasi,0.06306233,-0.25718986,1.201344345,-0.111304219,0.985729081,-0.132964749,1.380971482,0.191649921,0.156891525,0.455591256,-0.09829805,-0.321396848,0.76589932,1.409891332,0.180341886,0.726597869,,
1991,Ilfov,-0.04186959,-0.145598654,-1.009351065,-0.271403744,-0.69293425,-0.20414128,-1.150103453,-0.028911001,0.850951456,0.862995786,0.842578078,1.185751465,0.773012785,1.45599755,-0.422377289,0.32885314,0.268126871,-0.875510561
1991,Giurgiu,0.318283655,0.319022137,-1.857373506,-0.29079183,-1.615185993,-0.266513076,-1.75256618,-0.382748582,0.553775356,0.436519127,-0.587464711,-0.605447524,0.902293978,0.389855439,-0.511300339,0.179196293,,
1991,Mehedinti,-0.002421769,0.148870163,-1.380960137,-0.977229253,-1.19854524,-0.797653922,-1.351270355,-1.295596044,0.411183344,0.379353093,-2.535743622,-1.916982324,0.040263076,-0.4126098,,,,
1991,Teleorman,0.003230907,0.056322059,-0.110782496,0.078430563,-0.283432087,-0.18671582,0.14220623,0.377094946,-0.104984097,0.031070299,0.277604094,0.296143237,-0.553082162,-1.124435563,-1.456357256,-1.972932024,-1.447169956,-0.105650272
1991,Arad,0.067788715,0.055454395,-0.317171065,-0.551385111,-0.367646452,-0.386946653,-0.043738868,-0.553106342,0.519642896,0.41729626,-0.670444262,-0.333140766,0.098031442,0.317446023,-0.451381191,1.713426669,-0.511169924,-0.944410055
1991,Satu Mare,0.413853558,0.428173111,0.760315845,1.041019059,0.559761098,1.031436898,0.830499408,0.846801672,0.274972448,-0.070628935,0.111063168,-0.042489171,0.481350749,-1.044655892,1.738216168,0.143409124,0.851275642,0.671206869
1991,Alba,-0.263086114,0.343294745,0.085850201,0.358717101,-0.274926887,0.136957327,0.540278,0.65688456,0.403558401,0.398352862,1.217207871,-0.124224572,-0.137879949,0.158217411,0.028453563,0.09891183,-0.91857905,-0.020930934
1991,Botosani,0.38441486,0.023247365,0.539974866,1.774336289,0.803353816,1.587041693,-0.207416525,1.738643601,-2.538062791,-2.4986545,-0.108357621,0.094143332,-0.885342623,-1.025048081,-0.000993289,0.520308283,-0.097639633,-0.368114104
1991,Timis,0.453608805,0.148140893,-0.705419879,-0.927571814,-0.228530007,-0.52019345,-1.303105115,-1.395835679,0.610974791,0.745033602,-0.183428879,0.340682913,-0.86008864,0.483837309,1.613313719,0.89809168,1.452300732,1.614965389
1991,Gorj,0.04198457,-0.108324225,0.956724805,0.389630456,0.855196887,0.40153086,1.134806348,0.561127191,0.250459339,0.459050785,-0.742047365,-0.486916254,2.117899912,0.451617839,-0.018399146,-1.423247859,0.505047481,
1991,Ialomita,0.585666393,0.022172187,-0.774231425,-0.274038886,-0.573237141,-0.370190259,-1.016274588,-0.082215186,0.383224182,0.67408191,0.149921358,-0.979173531,0.962172988,0.3764597,-1.139702812,-0.166303705,-0.946053772,-1.251791177
1991,Hunedoara,-0.332669534,0.189426598,-0.784724408,-0.538370788,-1.227405126,-0.635988388,-0.004092812,-0.385311422,-0.12227478,-0.208979019,0.238364095,0.612144502,0.252385636,-1.119439527,0.298340181,-0.239845282,-0.153433524,0.356561612
1991,Bistrita-Nasaud,-0.224425624,-0.21800502,0.72558978,-0.670466836,0.865967213,-0.353182173,0.59579404,-0.927428011,0.520233417,0.596045805,-0.633255126,-0.289009837,0.505976133,1.033347735,-0.906561129,-0.896002141,-0.356145824,0.506513695
1991,Constanta,-2.909363406,-2.909520095,-2.210731643,-3.698367543,-3.134796798,-4.041379279,-0.538072576,-2.96705865,-3.853051131,-3.940904447,-2.552040629,-2.450508137,-1.406482376,-1.383589402,0.556548227,-0.438878916,0.378654342,1.446470953
1991,Olt,-2.593458633,-2.572449018,0.673116897,0.650627754,0.843838232,0.775735251,0.468649569,0.474444262,-0.501247864,-0.198663015,0.429564889,-0.407507847,0.497341799,0.249532911,-0.506476802,-2.332297768,-0.583853629,-0.191052548
1991,Tulcea,0.32171864,0.342903222,0.229882599,0.168005612,0.29681275,0.241277557,0.099499497,0.190669503,-0.29408206,0.396049242,1.11694031,0.865368761,0.130844708,0.60571382,3.844706869,0.736000423,1.506180563,0.184926594
1991,Brasov,0.289837292,0.392927352,0.526643551,0.255464327,0.611972308,0.324009062,0.44967021,0.219461113,-0.119821049,0.304305084,0.456071948,0.614699179,0.679119356,0.01455872,1.759770331,0.238825723,2.132182889,-0.114212072
1991,Maramures,0.600260609,0.483066619,0.81240776,0.155325301,0.417266249,-0.058220655,1.281499041,0.193287494,-0.312518838,-0.916643253,-0.254282344,0.462883134,-1.476010768,-2.001422964,-0.055516328,-0.048510963,,
1991,Sibiu,-4.575992394,-4.964051541,0.83162059,0.390904107,0.514820229,0.113060484,1.130982489,1.087586196,-2.824614809,-2.687193686,0.581970503,0.232370617,-1.330893307,-0.273995652,-1.17230483,-1.504530365,-0.411877717,-1.307269497
1991,Salaj,0.642123226,0.48034211,0.724551981,0.714060609,0.724475375,0.574381447,0.625752066,0.920462667,0.498923034,0.286762646,0.940434479,1.001933023,-0.191197369,-0.294670656,0.126729196,1.12029325,0.109791024,0.66776386
1991,Iasi,0.146811107,0.180521263,-1.101085439,-0.217658691,-1.05486663,-0.23858558,-0.874148526,-0.33486578,0.655012316,0.860499891,0.804008608,0.03166781,0.357327947,-0.181843128,-0.141417593,0.23073745,-0.398767863,-0.479418748
1991,Vaslui,0.381370056,0.924052063,-0.331684015,0.777866397,-0.517146264,0.642086443,-0.228537305,0.564111227,0.4086633,-0.228102132,0.126540831,0.551058643,-0.493222109,-1.550404161,-0.42261019,0.446974173,-1.394195768,-0.843206864
1991,Braila,-5.260831159,-5.426470797,-0.654567785,-1.378109818,-1.225383094,-1.715182744,0.370007966,-0.71407441,-3.818083919,-3.843741243,-0.832752659,-1.073517458,-1.928079175,-1.743960275,-1.109400858,-0.385780698,-1.127924328,-0.970705828
1991,Cluj,0.688295493,1.276183981,1.256103871,2.024147271,1.312059705,1.897693737,1.091560466,1.817839345,-0.121068178,-0.118187422,0.899249316,1.006617673,1.568380956,-1.480212254,1.872086281,0.603606194,3.077761956,1.224407125
1991,Vrancea,0.663183001,0.149440097,-0.123827074,-0.512118036,0.040062107,-0.568018852,-0.443660803,-0.169552365,0.508654171,0.81079752,1.362584058,1.461956009,-0.650501336,1.711539357,-0.423961373,0.379889424,-0.164145134,-0.363549295
1991,Harghita,0.320479678,0.425046453,1.211872349,0.430620619,0.980287468,0.510736264,1.453192619,0.271236195,0.430104142,0.008379725,-0.591106335,-0.840053217,0.114013711,-0.24011583,-0.736227311,-1.433125729,-1.055809752,0.113861247
1991,Buzau,0.208967284,0.230440323,-1.111976839,-0.475806686,-0.527592628,-0.200373235,-1.59187909,-0.846683145,0.183684322,0.318951653,0.743875904,1.083214698,-0.677294676,0.409960158,-0.027450423,-0.147621269,0.181236177,-0.483501006
1991,Galati,0.106177886,-0.410399733,-0.718413079,-1.346629392,-0.361061107,-1.081913166,-1.060227357,-1.377081259,0.518988509,0.714356339,-0.769475518,-0.84019749,0.160128356,1.394630795,-0.180540018,1.693370662,,
1991,Dambovita,0.381776791,0.391374225,0.614629303,0.540565499,0.442510594,0.397626012,0.720859486,0.775640827,0.686340594,0.526308845,-1.336355184,-0.915645151,0.364607409,0.132549906,-0.730776842,0.080481509,-0.466299222,
1991,Dolj,1.105763607,0.565552145,-1.040757702,-0.367317584,-0.634134275,-0.192313232,-1.495032885,-0.707096185,0.429030415,0.413131664,1.076351752,0.911562579,-1.820650301,-0.281343029,-1.661354994,-0.498474228,-1.363027093,-1.316655703
1991,Bacau,0.695389403,-0.000673127,-0.556540377,-0.597753431,-0.365529224,-0.565093165,-0.832604307,-0.502451783,0.608719007,0.853615759,1.24529513,0.943081917,0.712642692,2.642735919,0.101421227,0.494771813,-1.36623409,0.419808964
1991,Valcea,0.851309988,0.254137765,-0.498391329,-0.375139202,0.046903899,-0.345151773,-1.220403239,-0.057000588,-0.26751714,0.612518873,-0.450338388,-1.00269745,0.065421733,1.485779892,0.493848697,0.151279542,0.032533295,0.237821274
1991,Suceava,0.639854469,0.633355431,1.450594724,-0.127793111,1.506213016,0.172229394,1.040204873,-0.768223962,0.135707946,-0.170300273,-0.860660875,-0.954844225,-1.178705347,-0.804226067,0.233158926,-1.268518217,-0.009575565,-0.416251256
1991,Prahova,-0.066076393,0.22439868,-0.123645294,-0.28169833,-0.049557691,-0.056173635,0.099734817,-0.564651505,0.720050312,0.468327171,-0.118230587,-0.060563478,0.319806703,0.177542524,0.21474846,-0.399283977,0.683927088,0.326931522
1991,Arges,0.476585997,0.784631981,0.09434428,0.355309887,0.06165021,0.248927642,0.312430419,0.597089867,0.74001265,0.596211529,0.990649787,1.269511517,0.593568823,-0.179219324,-0.010350447,0.298816953,-0.249068848,0.430369351
1991,Caras-Severin,0.388240381,1.131913701,0.773851519,0.90103086,0.811221749,0.948577258,-0.048951573,0.541974238,-0.429689009,-0.370582084,-0.371042479,0.30707886,-0.33145113,-0.190586518,,,,
1991,Mures,0.913403361,0.64648241,1.432492766,1.67760186,1.403410939,1.521418724,1.223383327,1.675043295,0.545039823,0.371536957,0.656043477,1.132773642,-1.241426984,-0.789078519,-1.349166698,0.325680016,-0.372588519,
1991,Neamt,0.638568937,0.670576987,1.491899193,-0.055733153,1.503157744,0.225254927,1.150866784,-0.731833875,0.141498054,-0.188153092,-0.913024159,-1.067606172,-1.04352072,-0.798712962,-1.142629408,0.009603206,-1.212906488,
1991,Calarasi,0.861953566,0.461835405,1.726131735,0.83856872,1.721812832,0.967046477,1.182461113,0.563947882,-0.1120476,-0.153216921,0.01520419,0.405079399,-0.337078399,-0.071462426,0.227082773,-0.296710592,-0.859428664,
1991,Bihor,-0.641543248,-0.062124844,-0.885539589,-0.15002567,-0.997835806,-0.338083962,-0.458980264,0.007215589,0.791544019,0.859460745,-0.280329002,-0.839941193,1.680400573,1.43799968,-2.083853688,-1.433619791,-1.240424459,-1.332655508
1991,Covasna,-0.083953233,0.274955227,-0.507394182,-0.177325418,-0.621878999,-0.162855757,-0.568883653,-0.256124198,0.347712109,0.478814909,-1.032283915,-1.057083052,-0.31191455,0.777136237,-0.384861606,0.495242257,-0.659601588,-0.843206864
1992,Ilfov,-0.273246095,-0.886914403,-0.33950313,-0.380680166,0.009469146,-0.104040348,-0.49197284,-0.648021073,0.297735456,0.485443682,0.488337061,0.969005963,1.806911916,0.492786633,0.823160441,-1.756510606,0.498046183,
1992,Arad,-0.398404984,-0.105988386,0.018880658,0.045388946,-0.184956292,-0.001406666,0.612202498,0.538934582,0.77883969,0.736136522,-0.496186548,-0.272000568,2.042284568,1.039668108,-0.071460791,0.305855842,0.63309043,-0.392644711
1992,Sibiu,-0.307928813,0.702102115,1.440319599,0.971636034,0.653480214,0.467503494,1.752688604,1.514260801,-3.518138955,-3.491716556,-0.202477914,0.418633587,-0.993592316,-1.338275128,,,,
1992,Alba,0.54146591,0.391088431,0.053033395,-0.12747388,0.001376007,-0.13303253,0.014874221,0.025295766,0.549739131,0.715931806,0.470993293,0.685462294,-1.116901447,0.535279876,0.483062215,1.119924937,0.188315652,0.014820193
1992,Iasi,0.441621778,-0.066976569,-0.198665911,-0.229752057,-0.109465495,-0.285796096,-0.345866986,0.092883992,0.593661821,0.697672849,1.030216674,1.165662269,-0.101618517,0.813353309,-0.336560532,0.316276605,,
1992,Tulcea,-3.659516018,-3.764840592,0.379198929,0.588832576,0.561832651,0.71637652,0.252194176,0.503036981,-0.245953891,-0.089608165,2.144524724,1.180023909,0.588051659,-0.06600889,-1.421347794,-1.319726076,-0.830976861,-1.628587349
1992,Vrancea,-0.71639546,0.133668127,-0.475440316,-0.559072151,-0.554789472,-0.389460734,-0.050276943,-0.777998427,0.840044103,0.746154684,0.828466731,0.793723419,1.647373829,1.259550256,1.046894919,-0.270742159,1.952360721,0.847239466
1992,Calarasi,-0.279800781,0.412408716,0.600205354,0.445286699,0.343142522,0.546824435,0.830183565,0.15287496,0.10651895,0.282406868,0.209662144,-0.276092493,2.419426368,-0.762328147,4.516173705,0.535870107,3.0481692,1.524451345
1992,Mehedinti,0.422409019,-0.11417801,0.329150819,-0.357905259,0.553725635,-0.306027019,0.110237931,-0.06557491,0.333969777,0.581172047,-1.421136421,-1.015099328,-1.093717057,1.016930577,0.133248676,1.155923712,0.318457863,-0.193311671
1992,Valcea,-1.05297014,-0.199171464,-1.123913478,-0.971233405,-0.998704403,-0.858053054,-0.808310034,-0.882137227,0.808952037,0.756403723,-2.193218834,-2.092558534,0.590564082,0.891373162,0.202900744,-0.761127902,-0.122307572,0.54534579
1992,Braila,-0.957751403,-1.076650337,-0.634835039,-2.229545706,-1.126642603,-2.450461492,0.208222193,-1.83757437,-1.308627292,-1.346345976,-1.45350153,-1.639021765,-1.862370181,-1.927431815,-0.557441433,1.105370273,-0.05745349,
1992,Mures,0.444539132,0.480356943,0.836901816,0.662190936,0.677764512,0.56742444,0.917317909,0.896725262,-0.520649186,-0.073845671,0.993932823,0.762824859,-0.165596515,0.532155765,0.731172779,-0.052464451,0.713919423,-0.26240659
1992,Brasov,-2.28480635,-2.115429921,0.533691666,0.513557522,0.680634049,0.650371558,0.414192426,0.375276045,-0.270836204,0.118677047,0.179098889,-0.617996681,0.681740283,0.257507761,-0.159848175,1.387588243,-0.534145819,-0.067160272
1992,Arges,0.459586847,1.034006871,1.026005372,1.833630956,1.124173714,1.729365751,0.972497811,1.680675636,-0.479202024,-0.431024362,0.913155053,1.009480493,1.410858915,-1.350746494,2.871666962,0.897950494,3.128352133,1.381886355
1992,Vaslui,0.608793158,0.173809275,1.280965851,0.890066906,1.164708635,0.606546328,1.063481569,1.327816443,0.314448816,0.34365697,0.111521421,0.674643055,-0.42191989,1.101465733,-2.030962327,-0.831204526,-1.671370652,-1.721654729
1992,Satu Mare,0.701881509,1.065534619,-0.437232474,1.101677104,-0.238258426,1.117457476,-0.643729926,0.863161817,0.161972158,-0.149666583,-0.307244086,-0.17191076,0.599669971,-0.729296132,-0.555369808,0.902664765,,
1992,Covasna,-0.004029695,0.099301528,-0.335279333,-0.757348901,-0.24914912,-0.414288073,-0.061693982,-1.137253094,0.714906521,0.346161666,-1.367714584,-1.565718677,0.934804006,-0.403469175,0.766250868,-0.872336499,-0.558625922,0.435708236
1992,Bistrita-Nasaud,0.748523647,0.067209777,-0.588065637,-0.35248883,0.002843886,-0.314552069,-1.417023856,-0.047904541,-0.244322355,0.699704128,-0.417997806,-1.062494169,0.189499317,1.66617576,-0.188097145,-0.460153264,-0.747340108,-0.173268095
1992,Botosani,-0.05774615,0.567233731,0.118330643,0.68668928,-0.098160447,0.688363955,0.149194925,0.218826751,0.483586278,-0.312716705,-0.039592891,0.61223428,0.497252029,-1.143770277,-0.552349389,-1.010334467,-0.380856408,0.008158711
1992,Bacau,0.296966026,0.466426104,-0.407621842,0.14752335,-0.033865191,0.270427391,-0.727250463,-0.045028469,0.125393126,0.216861884,0.774627176,0.991592308,-0.660067568,0.265044643,1.996798011,-0.665784001,2.023515207,2.409853213
1992,Maramures,0.03815177,0.405312073,0.085360444,-0.169811166,-0.360371792,-0.513609488,0.83349498,0.467517999,0.078025709,-0.190832088,-0.03437197,0.285172678,0.031136487,-1.076767562,0.244170587,0.833375869,0.081734624,-0.072819268
1992,Caras-Severin,0.188788241,0.004100188,-1.132364224,-0.540045446,-0.874032734,-0.404820997,-1.238971054,-0.836604071,0.569458506,0.761570376,-0.374919671,-1.142430107,0.178197519,0.340660448,,,,
1992,Giurgiu,0.002134046,0.30369927,-1.229460345,-0.588116714,-0.994738373,-0.322628552,-1.509602085,-0.949932493,0.663440747,0.574542275,-1.290757832,-1.698180813,-0.309441703,0.033506112,-1.588316561,-2.044662566,-1.347328918,-0.332114127
1992,Suceava,0.020876448,0.190285786,0.346974833,0.063989638,-0.032807886,-0.027337809,0.678112126,-0.004473233,0.344827437,0.184405413,-0.435687792,-0.254070029,0.258184148,-0.380399397,-0.264019671,2.015399327,-0.528723358,1.130255367
1992,Buzau,0.122421393,-0.197011644,-0.223152681,-0.058048334,0.222423849,0.284641387,-0.680667569,-0.645199973,0.269939144,0.066571275,1.08035997,1.269900166,0.793449586,0.58343997,-0.281805265,-1.304595138,0.542465453,-0.865101049
1992,Olt,0.786991629,0.690601469,0.754744908,-0.216135765,0.950457041,0.003902351,0.151762711,-0.986905176,0.423077672,0.086211844,-1.119055937,-1.626991812,-0.358113204,-1.186477841,-1.682952532,-1.256885726,-1.154627184,-1.858049977
1992,Teleorman,-0.479055336,0.24555741,0.34826231,0.339887063,-0.118759376,0.078572947,1.103773827,0.583771704,0.013529614,-0.126597152,1.331601164,-0.559323893,-1.393289477,-1.179682122,-0.478960267,-0.23961677,-0.965487882,1.281005954
1992,Timis,0.240082765,0.221327059,-1.025610892,-0.42569846,-0.733060326,-0.047134131,-1.148745729,-0.958712385,0.371430423,0.255055157,0.304857397,-0.182967781,0.507669678,-0.426062404,-0.530702498,-0.498315117,0.045679384,-0.239324085
1992,Dambovita,0.584547409,-0.11282894,-0.097825623,-0.351839436,-0.086650173,-0.433115104,-0.131093246,-0.06953793,0.533288637,0.670974598,0.59029853,0.362648236,1.164038537,2.854345197,-0.117903924,-1.071516641,-0.014061812,0.729842741
1992,Constanta,-3.34839676,-2.714405593,-2.14560404,-3.44352388,-3.296326689,-3.896423207,-0.434179834,-2.59924622,-5.166065908,-5.11308676,-2.749991487,-2.507941495,-1.886730251,-1.96497888,-0.596748781,-0.283625875,-0.83384768,
1992,Bihor,0.504796818,-0.020010331,-0.936487993,-0.373000507,-0.701010612,-0.479260882,-1.192157138,-0.115838948,0.497203389,0.904027646,1.148778619,-0.392448297,1.319247197,1.122551504,-0.243078808,0.221683197,-0.2536641,0.117420254
1992,Dolj,0.490617821,0.363112105,-0.568570149,-0.357033285,-0.128301031,-0.057365465,-1.157426452,-0.850269668,0.722729513,0.848489898,0.693381404,0.981950651,-0.919848249,0.10644483,0.769457807,0.641633472,0.895311708,0.183735865
1992,Harghita,1.096961299,0.825521309,1.518652315,0.844054967,1.488134142,1.067121602,1.163398301,0.007233498,0.093100337,-0.870303406,-0.237341866,0.295124915,-0.187694039,-1.854653804,-0.530623259,0.265963801,,
1992,Hunedoara,-0.066586836,0.316647,0.319088327,0.546867074,-0.261454109,0.031694522,1.118921975,1.282412334,0.128314456,-0.043457339,0.144299098,0.358840258,-0.885232971,-0.338603833,-0.740788307,-0.108130206,-0.603858921,
1992,Prahova,-0.157939672,-0.192205587,0.211813262,-0.779763669,0.331205274,-0.487929944,0.306855833,-0.824229037,0.229744049,0.686669547,-0.224498147,0.347836049,1.755326011,1.348074959,3.149676331,-0.8335955,1.652278101,1.737983439
1992,Galati,0.63339186,0.124592318,-0.221677285,-0.603344392,0.151719749,-0.305897019,-0.712607243,-0.989541403,0.475958188,0.482642891,0.119819447,0.729960226,-0.39144867,0.25835825,-1.226933491,-0.515654107,-1.350630474,
1992,Ialomita,1.068694828,0.967284879,0.241111314,1.085603001,0.453335773,0.98696825,-0.227606966,0.873098784,0.334900518,-0.183642572,-0.280283397,0.305686474,0.069566555,-1.549380899,-0.192913184,0.49098688,-0.057418778,-0.144272324
1992,Gorj,1.108933744,0.625180523,-0.108722517,1.065760925,0.274878809,1.092896951,-0.834276457,0.899213611,-0.015888451,-0.071941634,-0.975305086,-0.760466011,-0.065295405,-0.470477178,-0.026169168,0.391541824,-0.315093152,-0.584065359
1992,Neamt,-0.007905304,0.24197927,0.316563591,0.132348748,-0.068883721,0.051623891,0.675979908,0.016869334,0.334363239,0.168406475,-0.221175874,-0.22456843,0.447588244,-0.471375211,-0.664803748,-0.07376064,-1.853522467,
1992,Salaj,1.063109769,0.784336269,1.293554165,1.605300479,1.280332793,1.447904293,1.099356411,1.554305793,0.618847318,0.341892798,0.919262929,1.406489681,-1.053351718,-0.8744337,0.670636648,1.139704036,0.546670153,-0.404659701
1992,Cluj,-3.532253226,-4.110611132,1.672074664,0.993370215,1.586585982,0.852450713,1.359775777,1.311434984,-1.741974815,-1.530001446,0.374511281,0.16043737,-0.535907508,1.105419815,0.122258006,-1.323008139,-0.562374464,-0.044424532
1993,Arges,-3.892749811,-4.428974982,1.278412803,0.871101302,1.284161613,0.756337583,0.999780408,1.265566072,-1.534666021,-1.29345433,1.085823149,0.75887207,-0.877785849,0.891235045,-1.582186886,-0.929219,-0.698209598,-1.705178873
1993,Tulcea,0.969172788,0.807107078,0.587433084,-0.420977362,0.849528915,-0.18228529,0.121996043,-0.916441798,0.686836138,0.688245321,0.71301349,-0.124110092,-0.508821425,-1.004701727,-2.104229171,-1.909119311,-1.750024997,-1.99974752
1993,Salaj,0.566884683,0.493180339,0.914643752,0.695613776,0.800771685,0.588350406,0.942174581,0.917387737,-0.55344095,-0.177113985,1.208815938,0.943045226,-0.238984145,0.25422746,0.514582667,1.27593535,1.950570928,-0.204692641
1993,Giurgiu,-0.510060547,-0.323662179,-1.532304564,-1.245297434,-1.436520577,-1.081920407,-1.348658056,-1.187282275,0.637242163,0.800812865,-1.006230919,-1.27336884,1.690680603,2.573948757,-0.473511978,0.332508919,-0.665023297,-1.297877084
1993,Dambovita,0.298331915,0.535209455,0.157045827,0.485851532,0.232343181,0.490933995,0.197557056,0.537868289,0.174628072,0.145452678,0.160981911,0.782541056,-0.907297165,-0.028949969,3.173623267,-0.878166066,2.175467783,3.910103213
1993,Prahova,0.847285513,0.596998939,-0.487015988,-0.380602428,0.095749629,-0.254716319,-1.129984883,-0.287468658,-0.270682023,0.4217072,-0.169929806,-0.418046258,0.230460714,0.918241014,-0.957313102,-0.48408478,-0.575564401,-0.272133884
1993,Dolj,0.258376136,0.385499902,-0.567975957,0.160390219,-0.341615128,0.448350323,-0.700237035,-0.329568115,0.353508046,0.140135271,2.12782433,1.707871418,-0.284467285,-0.604492059,1.029566322,-0.578748361,0.615555883,0.417246832
1993,Arad,0.004159134,-0.15938306,0.71850371,0.027908372,0.637095735,0.076997412,0.88345489,0.206342012,0.265446793,0.559468182,-0.879640519,-0.766836862,1.481574702,1.060487923,-1.215878289,-0.780577855,-0.810776748,
1993,Harghita,-0.173965215,0.107512121,0.462448292,-0.018609366,0.228756748,-0.019328118,0.881247559,0.166284234,0.702188455,0.575878797,-0.294121512,-0.560454293,1.252792154,1.350125424,-1.508402086,-0.707673713,-1.081526161,-1.172219834
1993,Valcea,0.123080731,-0.532258686,-1.789196272,-1.236380134,-1.388848509,-1.148136269,-1.907714472,-1.134806435,0.52074895,0.789420807,-0.850264139,-2.125467635,0.857875813,1.413560494,0.092553574,0.870773483,0.512899113,0.300455344
1993,Olt,0.253607504,0.660655013,-1.036059952,-0.02957602,-0.966183316,0.018222757,-1.096582876,-0.425810119,0.378824592,0.050211817,-0.888417173,-0.476581965,-0.336831773,-1.005250139,-1.286200682,0.391156734,-1.062613522,0.472434623
1993,Constanta,-2.708156057,-2.785161005,-1.874778255,-3.951669944,-2.78212092,-4.323599853,-0.2622528,-3.193050446,-2.168991565,-2.182807589,-2.645004192,-2.702273405,-2.519068885,-1.56397341,,,,
1993,Cluj,0.381351402,1.457614707,2.019279403,2.094424273,1.646262872,1.933475824,1.554882469,2.116880543,-2.026680136,-2.115435432,-0.591055363,0.128423789,-0.342104213,-0.865546623,,,,
1993,Braila,-1.499246727,-1.097867036,-1.876563951,-2.094734657,-2.712189078,-2.445148353,-0.517680929,-1.529504472,-1.205467935,-1.575340766,-1.830430908,-1.171669664,-1.613990972,-1.971147749,-0.367849631,1.036482016,-1.003640471,-0.843206864
1993,Mehedinti,-0.119390035,0.178192513,-0.040863114,-0.310571622,-0.056205471,-0.119627282,0.294773947,-0.465116913,0.718328507,0.519930076,-0.562995938,-0.412892108,0.594186119,0.428383276,1.099065138,-0.584423356,0.43508819,0.964920742
1993,Maramures,0.060053779,0.677117617,0.870487012,1.014801964,0.451947052,0.559995034,1.469603877,1.51659737,-1.540349133,-1.505739374,-0.159747054,0.027197534,0.628046966,-1.758877444,2.392846578,-0.043199956,2.176403669,1.319654373
1993,Suceava,0.338683239,-0.106333512,1.929736347,0.886247782,1.767895296,0.649196899,1.651081881,1.21410824,-0.026598154,0.273475816,0.633669666,0.663442895,-1.252528382,0.232070629,-2.351910792,0.174085902,-0.986841956,-2.124163257
1993,Mures,-3.942886369,-4.072751693,0.94178507,1.162939133,0.990053906,1.133816055,0.84608886,1.266446183,-0.573121692,-0.586817525,1.915606951,0.964356115,-0.227263233,-0.626771427,-0.40924629,0.031433874,-0.456977027,0.091717856
1993,Calarasi,-1.006644522,-0.221044021,1.110415453,0.940141495,0.964761109,0.96630374,1.135258255,0.947417995,-0.073156731,0.459022423,0.653250963,-0.440962806,1.155438045,-0.037453075,-0.476641942,-0.775808015,-0.505911517,-1.237410224
1993,Bacau,0.251504566,0.009783594,0.546869214,0.648792018,0.84887369,0.83907236,0.11939063,0.23610156,0.199853956,-0.111631219,0.340338665,0.545429219,0.947090024,0.296053878,1.074560917,-1.759825612,-0.718037075,1.13434121
1993,Caras-Severin,0.468229604,0.193236993,-0.170636273,-0.414290456,0.225247871,-0.211745173,-0.756325252,-0.708253562,0.576910226,0.414740539,-0.172422846,-0.378499092,-0.069014087,0.330305217,0.239505452,0.471386962,,
1993,Sibiu,-0.139907611,-0.157657458,-0.165019822,0.125458727,-0.552672443,-0.313720826,0.526146462,0.68046615,-0.034444682,-0.066723722,0.441469795,-0.159989414,-0.993592768,-1.102812109,-0.376445124,0.131664049,-0.019776784,0.157276038
1993,Botosani,0.589813137,0.738767395,1.089052243,1.1818418,0.778572976,0.840081124,1.288535598,1.572943453,0.677389514,0.368063917,-0.104712692,-0.001525076,-0.04716085,-0.221277411,-0.321149072,0.259302341,-0.161284999,
1993,Vrancea,-0.320231819,-0.18276293,0.126223682,-0.760244305,0.198593333,-0.577427094,0.119910738,-0.793524334,0.508522517,0.668027247,0.807972636,1.249276902,1.534368057,0.506742286,0.581595515,-0.308219208,1.392391073,1.259802708
1993,Iasi,0.608022595,0.220360452,0.634744203,0.492321899,0.716592905,0.470645438,0.390972557,0.482646968,0.736319791,0.714546235,0.760261861,1.236820612,-0.804987136,0.401931342,-0.033441203,0.029378781,-0.285896505,
1993,Galati,-0.290766518,-0.003568161,-0.970434836,-0.958257284,-0.721505427,-0.697264993,-1.152304927,-1.219287635,-0.500346071,0.596956058,-0.093164815,0.1170046,1.067943589,0.118650614,1.970620491,0.108287434,1.945024905,0.715277223
1993,Neamt,0.353375211,-0.104783328,1.970835062,0.923192485,1.755277511,0.642221379,1.761063575,1.300150041,-0.018202726,0.265962926,0.65611408,0.530994368,-1.084409767,0.352598414,-1.489129491,-0.696765407,-0.903038735,
1993,Covasna,0.763545769,0.361612777,-0.23732077,-0.775235705,0.143888938,-0.243674069,-0.68003457,-1.498034617,0.369415815,-0.175336692,-0.46996822,0.174311448,-0.177981143,-1.001142929,0.274242747,-0.500267821,,
1993,Bistrita-Nasaud,-1.171518519,-0.313429426,-1.092106533,-0.931112197,-1.017205882,-0.852088305,-0.764562471,-0.824067515,0.851161651,0.772957612,-1.751056225,-1.485892084,0.512877967,0.698129507,-0.098426453,-0.589509275,-0.097457224,0.172139791
1993,Brasov,0.758707778,0.676220085,0.474434218,-0.539224534,0.722940074,-0.228626165,-0.04171744,-1.326377815,0.439588324,0.137444835,-1.642921957,-2.103907671,-0.328697822,-1.037145353,-0.846464922,0.012591681,-0.402560738,-1.478344133
1993,Alba,0.089938399,0.107527549,0.33196357,1.156071342,0.278164521,0.850482029,0.473412424,1.78538439,0.603608819,0.828411066,0.637507145,0.683889251,0.015418451,0.69102127,1.666411811,0.91215261,2.276757289,-0.339989152
1993,Teleorman,0.369713429,0.073149152,0.266664153,-0.422288476,-0.11663192,-0.683653102,0.691359069,0.153944981,-0.007895741,0.216122851,0.469322126,0.283986996,-0.762272617,0.128159357,0.139434572,2.017964018,-0.746635648,-1.720301189
1993,Bihor,1.20047806,0.908841988,-0.175565116,0.798872048,0.184675667,0.812270093,-0.82916616,0.4448272,0.370198656,-0.022187158,0.926817318,0.93183566,-1.20477558,-1.311417074,-0.330766759,0.633156123,-0.091981322,-0.361874612
1993,Satu Mare,0.744017449,0.315529875,0.074109668,0.312422571,0.291678078,0.371255916,-0.440756129,0.145364993,0.018536389,0.109778634,-0.718896224,-1.316766647,-0.812253423,-0.275470891,-1.595599572,-2.000475589,-1.341944533,-0.334304542
1993,Timis,0.54161411,0.55846295,-2.173706581,-0.565149197,-1.683793238,-0.402197179,-2.27653937,-0.824420858,0.381269917,0.220000372,-0.097111958,0.063268221,1.1753834,0.74389518,-0.698224154,1.630388927,,
1993,Gorj,0.264569875,0.576342266,-0.49592003,-0.141604285,-0.421860406,0.126670983,-0.531581241,-0.693595109,0.402062978,-0.294039495,-1.89311353,-0.024316384,0.375862796,-0.812270771,1.009141347,-0.487876243,-0.418584209,0.881167575
1993,Ilfov,0.551012438,0.123737322,-1.486828178,0.008765021,-0.759942598,0.236577974,-2.391971671,-0.493141155,-0.12269844,0.097620531,1.001910444,1.367556168,-0.692231236,-0.446464928,0.003227577,0.473305854,-0.50286762,-0.041292052
1993,Ialomita,0.822989525,0.516969497,0.85144213,0.625524481,0.944587715,0.695895737,0.52271456,0.567111673,0.538162383,0.338353242,0.521991239,0.544579902,-1.004268724,0.2455892,1.492380972,0.620544811,1.353926754,1.700895048
1993,Vaslui,0.689225427,0.849772252,1.556654198,1.260924594,1.458636036,1.244175706,1.606607781,0.988029864,0.572453422,-0.007621187,1.168425967,1.101525688,-0.251084845,-1.036719092,-0.088826459,-0.491354368,0.902320717,0.495684839
1993,Hunedoara,0.309495524,-0.169230949,-0.288951799,-0.383021731,-0.506723318,-0.719778795,0.206860019,0.27314046,0.052762692,0.277935543,0.494119524,0.242586127,-0.32253942,0.467295074,0.370087699,-0.029739913,0.672108735,0.590505013
1993,Buzau,-0.525333411,0.152820104,-0.674438162,0.190180993,-0.571415395,0.382923286,-1.209381744,-0.333527374,-0.138706046,0.001380025,0.825880965,0.769408057,-0.427478254,-0.145227674,,,,
1994,Mures,1.05261503,0.878556454,1.182781799,0.121771756,1.259614281,0.163679774,0.922917143,-0.026154648,0.340640231,0.338984367,0.825848527,0.05894616,-0.805465019,-1.135799166,-0.92960746,-0.411759012,-0.812725429,
1994,Cluj,0.291221349,0.218101823,0.213768032,0.600765268,0.202512938,0.40857939,0.28199189,0.800181834,0.53265575,0.485192258,0.333468025,-0.49714228,-0.233144999,-0.005024721,-1.07657805,-0.658270093,-0.578983145,-0.373837028
1994,Teleorman,0.179110548,-0.008421754,0.404052668,0.651667973,-0.029119347,0.115877923,1.076373696,1.642463938,0.237273936,0.369387275,0.268567501,0.14565382,-0.529210522,-0.035311059,2.565674822,1.061556731,3.146582815,1.293830258
1994,Alba,-0.248028732,-0.783320396,1.066252114,0.866175043,1.054901211,0.808500912,1.14643757,0.925666846,0.188094557,0.119573412,0.821968441,1.569744756,0.49885635,-0.3349904,-0.868030004,-1.167592205,-0.680521313,
1994,Iasi,-0.00520425,0.155908838,-0.371849634,-0.259729533,-0.400556358,-0.247452001,-0.345728332,-0.121022953,-0.260759193,0.710397293,0.952757251,0.784027028,0.738278312,0.720651542,1.482222793,0.510013179,1.368649071,0.124579431
1994,Sibiu,0.136821128,0.106088502,0.545847477,0.2538606,0.136127991,-0.107834649,1.080046395,0.81565645,-0.132195727,-0.378799317,0.442733812,0.552468541,-0.629694541,-1.028860715,-0.832533806,0.482424805,,
1994,Prahova,-0.773536957,-0.129811154,-1.553257842,-1.106875008,-1.366154209,-0.99597316,-1.333968438,-1.159665,0.698004482,0.789081166,-1.970365746,-2.595721168,0.99238938,1.715915072,-0.286413652,-0.243926713,-0.520012495,-0.219597996
1994,Giurgiu,-0.124985125,-0.186883617,-1.232272734,-1.280294011,-1.014776232,-0.985889778,-1.203151558,-1.429323477,0.621053776,0.566245439,-0.989291781,-0.291532091,-0.039848465,0.930209749,0.612614924,1.612204554,0.213985777,-1.281754026
1994,Galati,-2.627453521,-2.329431329,-0.661152098,-0.495800712,-0.479335733,-0.215100931,-0.580198505,-0.744535905,-0.176675776,0.466123989,0.09247598,-0.567465123,2.248241279,0.483837528,-1.646672074,-1.452331924,-1.345338124,-1.792141433
1994,Arges,0.288029794,1.306548062,1.737368846,1.784493493,1.40770959,1.571594014,1.248269868,1.828396561,-1.972794789,-1.975905073,0.026529935,0.755298224,-0.551583799,-0.875871374,,,,
1994,Calarasi,0.495438289,0.465464689,0.917973062,-0.621220034,1.14734424,-0.210171038,0.406599733,-1.260253492,0.275992316,0.089189572,-1.146533037,-1.283786794,-1.008005923,-0.602021088,0.131884362,-0.586404391,-0.172301609,-0.650246112
1994,Timis,0.411456158,0.334933646,-1.617551057,-0.98497177,-1.210536388,-0.662076227,-2.136806333,-1.526502488,0.592863638,0.567146873,-1.340397357,-1.588508786,-0.819737067,0.218648713,0.384572577,-1.085902975,-1.162470178,0.230426992
1994,Satu Mare,0.270767607,0.523364393,-0.068461269,0.329564404,-0.034600357,0.306064149,-0.126096969,0.327892069,0.404103468,0.18008434,-0.348012098,-0.689956868,0.03369912,-0.011439393,1.253839936,0.995406451,0.218146162,1.048027774
1994,Ialomita,0.373274766,0.32603651,0.749040784,0.958600665,0.633100755,1.042003504,0.761106726,0.707355824,0.151459769,-0.107322466,0.433523058,-0.070459435,0.311580319,-0.740102781,0.086800917,-0.866903254,,-1.501027607
1994,Mehedinti,-0.136406528,-0.159548611,0.415930928,-0.721351279,0.503208693,-0.44036422,0.54757719,-0.744802374,0.30431247,0.70177157,-0.606107274,0.122893529,1.327035089,1.23268711,0.129666872,0.488838935,0.705091876,0.982208909
1994,Maramures,-4.51259114,-5.062755237,1.061454407,0.278768786,0.58329211,-0.108221304,1.434586176,0.969124984,-3.70279075,-3.597406998,-0.146156778,-0.334957314,-1.021246873,-0.202552314,-0.297756814,0.445721717,0.251778695,
1994,Bacau,-0.673956748,0.178531419,0.069535808,0.901099098,0.082972408,1.004335873,-0.324519202,0.518372773,-0.546962912,-0.452940967,0.156458538,0.178737302,-0.206762344,-0.303526968,-0.368765438,0.076966098,-0.792086401,-1.501027607
1994,Suceava,0.316840303,0.369765963,1.474292206,0.743564049,1.121387206,0.714326138,1.656798479,0.633460524,0.488530778,0.216338369,0.401555386,0.434005567,0.346765363,0.115707667,0.37046055,-0.70912898,0.365486942,-0.324362334
1994,Salaj,-3.946440931,-4.178050767,0.88341071,1.069235606,0.974906746,1.044971289,0.855256016,1.189822476,-1.250672701,-1.167576693,1.937690113,1.163140204,-0.024960285,-0.434667783,-0.308115055,-0.001692979,0.085586358,-1.15137514
1994,Botosani,0.868153731,0.226121085,0.423465532,0.161010348,0.406315717,-0.040010232,0.328128074,0.527159904,0.503986334,0.705879527,1.598800115,0.924745435,0.449953796,2.179186082,-1.041920103,-0.56774548,-0.50947706,-1.041597247
1994,Bistrita-Nasaud,-0.060648525,-0.594134529,-1.72643267,-1.187733413,-1.370648759,-1.089190609,-1.820239112,-1.144913711,0.559191287,0.789091921,-0.438945874,-1.743766064,0.89242538,1.391827384,0.082822193,0.930943608,0.60672193,-0.564850078
1994,Arad,1.161881622,0.742161129,-0.390545139,0.832536607,0.016311475,0.942641299,-1.106279501,0.501730462,-0.07099736,-0.159028638,-1.050055765,-0.783507129,-0.233740081,-0.676202191,,,,
1994,Brasov,0.173046511,0.533774387,-1.1779029,-0.307212591,-1.091445073,-0.221536748,-1.18284549,-0.680809835,0.374174643,0.136214393,-1.560289223,-1.060582988,-0.186178102,-0.86833927,-0.069355713,0.90587613,-0.750074856,-0.843206864
1994,Vaslui,-0.020353117,-0.093578887,1.340300718,0.531539304,1.034206238,0.48716278,1.663934621,0.775939283,-0.075321652,0.351698445,0.703760657,0.664049341,2.803871073,0.930557008,0.109449917,-0.113541676,0.664020744,1.870016117
1994,Gorj,0.238606487,0.149638757,0.21243466,0.102773133,0.172246443,0.061383971,0.340115664,0.3539197,0.705176332,0.662972509,-1.666970151,-1.37942276,0.658516483,0.533872701,-0.490574902,-0.63234294,-0.268315151,
1994,Caras-Severin,1.053033308,0.608726612,0.335189347,0.471790615,0.677637649,0.656769278,-0.31700775,-0.079548647,0.471733487,0.214508815,1.20390133,1.672653089,-0.592672465,-0.126224267,-0.01287117,-0.089515132,0.2916911,
1994,Dambovita,0.543725305,0.510880491,1.269279149,1.251958155,1.288583965,1.354583073,1.180514296,0.973094722,0.245994988,-0.239273567,0.099084413,0.578321141,0.79153941,-0.650661931,-0.774301913,0.231817069,0.194237531,-0.93543018
1994,Bihor,0.872801218,0.659574219,0.439135348,0.58553892,0.726433805,0.703501399,-0.169478737,0.183829803,0.542850741,0.457059152,0.836412128,0.995456759,-0.901829717,0.047625725,1.524320612,2.567269129,1.473623898,0.046530913
1994,Constanta,-2.183909446,-2.151052773,-1.962999999,-3.833913763,-2.914218452,-4.107142516,-0.28836297,-3.286160288,-2.201758028,-2.46264992,-2.909538559,-2.368511114,-2.358497828,-2.313944353,-0.076470142,0.086840094,,
1994,Olt,0.591332961,0.092571507,0.735052629,0.259339562,0.886135721,0.148770215,0.324867481,0.551510228,0.333967104,0.511569517,-0.506844621,-0.083110356,-1.051176524,1.425377335,-0.789562162,0.409561521,-0.119126343,-0.843206864
1994,Valcea,0.672464731,0.448307984,-0.360302803,-0.059778888,0.02358822,0.208630638,-0.867419892,-0.499448232,0.147137728,0.167661518,-0.702744239,-0.273608765,-1.29467047,-1.027862374,0.371757959,0.251321968,-0.300416411,
1994,Tulcea,0.283449059,0.510167577,-1.410299494,-0.353889568,-1.317652511,-0.340923651,-1.413738933,-0.588592475,0.673114683,0.430757747,0.01693608,0.770243346,-0.460737102,-0.335108911,-0.015484101,1.353229035,-0.131142006,-0.364791777
1994,Dolj,0.563070013,0.503145823,-1.685579091,-0.149000108,-1.323495211,-0.11904888,-1.809537116,-0.118655246,0.313526769,0.151380936,1.675665389,1.701087806,0.270213652,1.112781028,-0.59233864,0.256924203,,
1994,Neamt,0.381459131,0.410388353,1.600570236,0.839137258,1.238698768,0.791736607,1.754184598,0.71641882,0.49976389,0.155714578,0.199509186,0.362095657,0.31935779,-0.082878714,1.133998264,-0.045510148,1.89053613,0.974460037
1994,Ilfov,0.235363853,0.44604573,-1.958316229,-1.411534002,-1.607702879,-0.988438479,-2.197835847,-2.078834786,0.562866111,0.488453855,-0.521627023,0.632159744,1.291785643,0.037520488,,,,
1994,Braila,-1.120081755,-1.270817725,-0.635279811,-1.723518588,-1.374610637,-2.206042077,0.433575261,-0.772843517,-1.506903653,-1.316802604,-1.096924138,-0.694990988,-1.640258049,-0.903716052,-1.320334834,-0.0640251,0.1155298,-0.276468992
1994,Hunedoara,-0.124858525,0.128609185,-0.302988214,0.137133991,-0.546245207,-0.075858706,0.18410233,0.44756096,-2.513446906,-2.432232017,0.235515975,0.492062907,-1.27594987,-0.845869741,2.138495229,-1.11360571,1.357618603,2.593845386
1994,Covasna,-0.449587994,0.013421719,-1.094913472,-1.11599737,-0.96002762,-0.821983078,-0.77770112,-1.161347357,0.815254636,0.787015109,-0.982339432,-0.618275169,1.463883369,1.338489064,0.845751265,1.380124115,0.631216738,0.42139011
1994,Buzau,0.32172545,-0.105475554,-0.026395649,-0.603684244,0.257826287,-0.388674458,-0.275010231,-1.05252794,0.667486072,0.444011281,0.301129114,-0.147992812,-0.790541018,0.165484701,0.044452365,-0.384567303,-0.318878699,1.142803084
1994,Vrancea,0.821701186,0.520686453,-0.82178274,-0.236031784,-0.186421853,-0.067511663,-1.586592666,-0.270541635,-0.176832467,0.421367834,1.986023775,1.45059164,-0.307170813,0.760312203,-0.818619825,-1.786198065,-0.648081001,0.04967846
1994,Harghita,0.686796597,1.123858769,1.237459581,1.622216335,1.284742304,1.635916052,0.967223757,1.147637152,-0.032670847,-0.412194151,-0.339352366,0.193458881,1.564764249,-1.208417112,2.08260403,0.048409576,1.34631854,1.030275387
1995,Braila,-1.6772729,-1.028509431,-0.640566513,-1.756875983,-1.406045058,-1.993159679,0.709062632,-1.410983384,-1.128246726,-1.395336923,-1.375644466,-1.352117393,-1.181382243,-1.710879842,1.556683868,1.838760306,2.265463707,0.055893979
1995,Dambovita,-0.599487169,0.316957192,0.559984595,1.164717245,0.294547496,1.011734995,0.674179138,1.238008691,0.054294829,0.058784973,-0.347688274,-0.405321596,0.24611295,0.227195936,-0.908056814,-0.369621086,-1.082222204,
1995,Harghita,-0.371960578,-0.790166665,2.246064228,0.747595354,1.712356837,0.588734931,2.470210119,1.251960398,0.32016386,0.601922309,-0.094335983,-0.389944975,0.89037575,0.771549404,-1.002386807,-0.788043998,0.139817248,-1.018625729
1995,Suceava,0.091099865,0.120280057,1.860132526,0.351912957,1.552496478,0.323970174,1.995672563,0.412653325,0.445021841,0.511215707,0.415302718,0.520504772,1.178831725,1.036847777,0.506741831,-1.156504205,0.664931592,2.493403025
1995,Buzau,1.154497285,0.714295393,-0.09867288,-0.344334158,0.369155744,0.071232223,-0.915944231,-1.354150453,0.422094582,-0.236023565,1.057871408,1.407381269,-1.279882651,-1.007002729,-0.399029748,0.20817587,,
1995,Bacau,0.429968027,0.039763675,0.872130599,0.110333532,0.942977308,0.160717151,0.714926206,-0.098432767,0.525696064,0.210093628,-0.165552786,-0.492868319,-0.85295672,0.243484068,-1.519833381,-1.417621126,-1.129973156,-0.708406717
1995,Calarasi,-0.010336697,-0.04132264,-0.055999006,-0.375604211,-0.220663789,-0.374374317,0.100413499,-0.428500251,0.444587977,0.355707885,-1.25060709,-0.724892164,0.127152043,-0.193248906,-0.228292759,1.694040083,-0.306120371,-1.632591756
1995,Dolj,0.428643095,0.459350373,-1.287330438,-0.448410814,-0.992706705,-0.326005196,-1.519345367,-0.756821097,0.724759023,0.685982243,0.550846619,0.46769093,-0.576038918,-0.071879846,,,,
1995,Maramures,-0.404641778,0.739911792,1.507335685,0.996745775,0.67057506,0.562087729,1.856103419,1.502188081,-3.965244876,-3.972545777,-0.868138063,-0.066816445,-0.748784454,-1.408456482,,,,
1995,Satu Mare,0.162562404,0.087219285,0.174494597,-0.093769329,-0.002444049,-0.059969297,0.423969855,0.008651266,0.526647442,0.398009031,-0.264436439,-0.207047231,0.064092463,0.015176071,-1.036087697,1.078628126,-0.874005292,
1995,Constanta,-2.450460614,-2.126191701,-2.423813343,-3.915519799,-3.419381915,-4.293935196,-0.585666917,-3.067636463,-2.000902079,-2.139280365,-2.946014947,-2.72031597,-1.261837048,-1.937232575,1.117874017,2.026931506,0.914794143,0.668564034
1995,Vaslui,0.607448756,0.427862845,1.094014672,1.085256629,1.42120966,1.113849132,0.485948989,0.999135509,-1.966205193,-1.398021228,0.678039059,0.522738364,0.047343133,-0.420322432,1.405140945,-0.992455729,-0.872414197,0.823761034
1995,Mures,0.338951445,0.643704367,-0.73794396,0.233939716,-0.983254692,0.039912897,-0.452938762,0.300417388,0.422071192,0.050488013,-0.05337096,0.737131481,-0.614565806,-0.721576981,-0.309062923,0.762428909,-1.347545829,-0.253436542
1995,Iasi,-3.182737721,-3.185393058,0.137687786,0.296373882,0.16169788,0.398243517,0.192248096,0.223080006,0.177731382,0.379632393,1.991158912,0.925345581,1.170739358,0.002396891,-1.461195973,-1.441644501,-1.21806429,-1.501027607
1995,Teleorman,-0.675446095,-0.9120126,1.073257331,0.627110373,0.636184918,0.339036465,1.684636854,1.012813457,-1.029689095,-1.076625007,-0.101456343,0.383786022,0.778638634,-1.13944392,-1.368337973,-0.774729156,-0.585385105,
1995,Vrancea,-0.906944765,-0.255118147,-1.931340315,-1.079914709,-2.007503774,-1.217125559,-1.196899394,-0.724369636,0.905542974,1.09047672,-0.39118632,0.202232286,1.361984551,2.130027267,-0.05024652,-0.48993781,-0.988781361,-0.391959017
1995,Arad,0.333815273,0.501762035,-0.645060808,-0.56470771,-0.5445468,-0.275638502,-0.661846346,-1.014977074,0.413007371,-0.090549215,-2.063289371,-0.100106943,0.271647666,-0.408512362,0.441169519,-0.452579809,-0.351992689,0.743868606
1995,Timis,-0.309426324,0.008603939,-1.86795887,-1.251665469,-1.584167233,-0.994975694,-1.868892938,-1.541809747,0.711125406,0.676860078,-0.809440749,-1.355376782,0.677023271,1.490453457,-0.027384437,0.055183864,-0.847442535,-0.704718286
1995,Bihor,0.332385803,0.295203512,0.402367485,0.77425179,0.425299695,0.882603375,0.255128388,0.417204963,0.078693674,-0.09960707,1.383942595,0.742394789,-0.024784438,-0.517107975,0.174745014,-1.282927825,,
1995,Gorj,0.402683256,-0.219628212,-0.500987165,-0.663999896,-0.441933485,-0.684402546,-0.491439254,-0.361259026,0.600871775,0.725101908,-0.433978914,-0.203193936,1.220654606,2.608583874,0.295085099,0.469664026,0.627913106,0.892708987
1995,Botosani,0.34153769,0.761278824,0.306393623,0.885219834,0.29725915,0.762999066,0.282738707,0.947520898,-0.034336631,-0.00406396,0.927275823,1.064835831,-0.722857364,-0.14265152,0.309957198,-1.404089018,0.619676024,0.125815354
1995,Galati,0.528785518,0.452429999,-0.796554197,-1.890947964,-0.307131991,-1.334269445,-1.314160523,-2.766584077,0.632494229,0.6670292,-1.790151122,-2.08114346,-0.450844801,-0.461480149,-0.204844068,-0.185020588,-0.665323796,-1.504401047
1995,Prahova,0.388478769,-0.38840886,-1.976259338,-1.343145039,-1.515929621,-1.254985289,-2.202123188,-1.272502616,0.561339236,0.853880838,-1.073462431,-2.245872671,1.104925767,1.435585445,0.460086064,0.594350101,0.429266034,0.02031015
1995,Hunedoara,-0.43217649,-0.623072409,0.46145623,0.379091511,0.195729439,0.168654022,0.971634998,0.743857959,-1.734073252,-1.953982457,1.38216973,1.30809824,-0.200603669,-0.446433509,0.047567031,0.430694957,0.265457273,-0.734614233
1995,Sibiu,0.498702339,0.33536774,0.985777778,1.048311437,0.605595249,0.679875014,1.388924031,1.38596243,0.047083588,-0.231705262,0.106058563,0.689548473,-1.503487187,-1.545106965,-0.803069991,-0.533500717,-1.014681008,
1995,Brasov,0.528834812,0.014753274,0.62462147,0.070231088,0.785558524,-0.007236763,0.328724346,0.412171935,0.338173582,0.535602816,-0.900232691,-0.48782351,-1.143905008,1.358024823,1.083478185,-0.384840902,0.103072636,
1995,Valcea,0.446054998,0.114043,0.24857544,-0.447326787,0.503611494,-0.125186207,-0.198581143,-0.671647706,0.370229285,0.615970881,-0.73453554,-0.216717368,-0.451944607,0.687228924,2.487060797,1.813433942,1.606326259,3.343223405
1995,Ilfov,0.186276278,0.190440421,-1.222919867,-0.484501514,-0.918684265,-0.391391837,-1.371825693,-0.599883637,0.936324491,0.810907884,0.049212994,0.183216569,0.020960633,0.405808945,-0.744338913,-0.357792549,-0.522142508,-0.001196312
1995,Neamt,0.058660159,0.134876559,1.850156109,0.381050973,1.481216234,0.303985482,2.078495445,0.532868473,0.416665878,0.55523073,0.386936029,0.478901276,1.954472474,1.262041067,-0.761293577,-0.634155004,-0.69228368,-1.29225815
1995,Alba,0.613441394,0.433158991,-0.089720594,1.178123636,0.094472968,0.968247166,-0.424420361,1.511142457,-0.767785022,-0.622503618,1.494711671,1.769103896,-1.301532304,-1.202952961,-0.048041176,0.353942797,-0.666235405,-0.791175844
1995,Ialomita,0.440488875,0.881895618,-0.42377875,1.068117312,-0.162232397,1.097705624,-0.585394035,0.94614094,0.028589928,-0.198209704,0.070341338,0.037912339,1.164820899,-0.334847502,,,,
1995,Olt,0.36163483,0.535629443,0.712860262,0.547196923,0.767253084,0.680709931,0.777790207,0.184810248,0.646140669,0.210022549,0.845996352,0.725998598,-0.027278962,-0.532588127,0.399659625,-1.01919656,0.516819063,-0.322688269
1995,Mehedinti,0.874536477,0.526880451,-0.408903374,-0.38510916,0.089197164,-0.331280415,-0.981676258,-0.140621061,-0.253873458,0.473553897,-0.409843011,-0.679172054,0.24026878,1.088538283,-0.417406746,0.835023937,-0.835326092,-0.715570003
1995,Bistrita-Nasaud,0.501295248,0.317188321,-0.403581681,-0.130713768,-0.060887825,0.144060987,-0.914063353,-0.589278999,0.149403445,0.274929461,-0.651279619,-0.322548725,-1.132886266,-0.809191297,0.882823829,0.488168478,0.586246028,-0.264324609
1995,Arges,0.317515144,0.219783792,-0.026675996,0.531262034,-0.040316429,0.319545598,0.127265528,0.721250021,0.571107258,0.590010988,0.667937762,-0.005215512,-0.44253267,-0.326008104,-0.394522179,0.22364658,-0.075602831,0.000612988
1995,Tulcea,0.795553434,0.344334051,0.486278162,0.136368456,0.649894533,0.001964598,0.051894158,0.53251368,0.408067958,0.740018268,1.52836305,1.655735222,-1.154273263,1.573343504,-0.63021748,1.075918492,-0.824519488,-0.95477627
1995,Caras-Severin,0.30253309,0.298655072,-0.07541038,-0.183023007,0.213155078,0.007855409,-0.478119731,-0.441676501,-0.272189514,0.449774655,1.100165992,0.947422389,0.206501041,0.322748048,-0.960870007,0.425549816,0.709040298,-0.564874956
1995,Giurgiu,-0.640314702,-0.432400026,-0.758072386,-0.549064532,-0.699224367,-0.504161229,-0.480820759,-0.166225016,0.806866118,0.638555842,-0.860620254,-0.360290294,2.133110531,1.893013016,2.580435798,0.758086457,1.66555791,0.467793913
1995,Cluj,0.611384727,0.628642925,1.089443492,0.849708169,1.065753348,0.770611418,0.78453124,0.746472337,0.528919839,0.051668888,0.115875938,-0.077392355,-0.033384333,-0.613896624,0.599407041,1.155239719,,
1995,Salaj,0.980176094,0.799123382,1.051581716,0.126290801,1.233325623,0.207463922,0.643593176,-0.200444778,0.624286789,0.533742728,0.838126925,0.047833463,-0.678895262,-1.308445162,-1.016576284,0.401010331,-0.98573478,1.788076111
1995,Covasna,0.245777587,0.372965733,-0.222933761,0.36809844,0.16977853,0.703669141,-0.449193101,-0.23751172,0.278011633,0.284483414,-0.540079083,-0.021748282,1.3357385,-0.838061663,1.947058237,0.670271323,1.759385639,0.943370627
1996,Iasi,0.802886678,0.660122745,0.257881223,-0.932658412,0.410591465,-0.667575185,-0.047458723,-1.327835191,0.737625287,0.835063561,0.773065638,0.0238499,-0.557241638,-0.645715629,-1.810523371,-1.68233773,-1.284132778,-1.954454048
1996,Hunedoara,-0.947696763,-0.23532995,0.407796586,0.831719468,-0.270556787,0.367743684,0.889709635,1.412191409,-3.347625327,-3.237322654,0.92880617,0.885716481,-1.009825903,-1.312974672,-0.352962266,0.172172895,-0.80457138,
1996,Vrancea,0.248031847,-0.498917616,-1.936767081,-1.289452961,-1.705444557,-1.372205768,-2.028335473,-1.001087401,0.819638037,1.069261572,1.373594665,-0.262580217,-0.033428325,2.196880212,0.11008463,0.652703805,0.244620502,0.257962654
1996,Prahova,0.969849519,0.683042695,-0.685587151,-0.057617866,-0.16672542,0.149685939,-1.252140306,-0.509862593,0.333336612,0.054856051,-0.537084538,0.055745164,-0.883975512,-1.236458926,-0.736897935,-0.440257848,-0.154703513,-0.559978488
1996,Mehedinti,-0.839493049,-0.11058186,-1.404000986,-1.090541642,-1.233010499,-0.962251153,-1.120703848,-1.061425145,0.731926804,0.76667767,-2.27449916,-2.681594106,0.865264,1.483015106,-0.583958747,-0.248940613,-0.489180274,
1996,Bihor,0.313865563,0.827797122,-0.7030852,0.660450842,-0.341856861,0.707131937,-0.918769797,0.665331049,-0.047052846,-0.168469915,0.579368805,0.507538097,0.93678013,0.525624858,-0.540364265,1.319558902,,
1996,Arad,0.138343112,-0.059455741,-0.077320221,-0.219352456,-0.006597774,-0.182773537,0.0541911,0.060793258,0.656723797,0.729763096,-1.523356323,-1.391511817,0.742317219,0.67934887,-1.036454845,-0.314397787,-1.165369822,-1.811518998
1996,Covasna,-1.473135288,-1.984420749,0.852706711,-0.285497308,0.851846454,-0.140726659,0.713731492,-0.018772585,0.228006418,0.727071161,-1.054429001,-1.228854455,0.153661252,1.624639683,-0.968046585,-0.585117978,-0.358984072,-0.941879975
1996,Maramures,-0.239626977,-0.237186058,-0.143762432,-0.120185514,-0.502638881,-0.526625068,0.524021931,0.502284663,-0.024204301,-0.170740365,0.072293997,-0.539426582,-0.828353618,-0.951670372,-0.255176497,0.237322498,-0.139192536,0.433865329
1996,Teleorman,0.082194776,-0.250462838,0.106873608,0.960738106,0.071677175,0.614088594,0.101990351,1.468597243,-3.408826205,-3.331350909,0.377681159,0.589057667,-1.551487034,-1.388030376,-0.29400446,0.605622066,-0.600476587,-1.098763124
1996,Neamt,1.019948155,0.67822006,1.111950042,0.740445063,1.238808097,0.530738156,0.397198516,1.103231556,-0.24189886,0.504386802,0.755110797,0.499471916,-0.404291806,1.270640884,,,,
1996,Salaj,0.288638041,0.671466081,-0.868385176,0.228994859,-0.966610426,0.123132177,-0.67995603,0.157924551,0.669900709,0.24028755,0.463293131,1.129125292,-0.610372981,-0.924527587,0.140314592,1.234220432,-0.929332861,-0.77573807
1996,Timis,0.195625863,-0.102656553,-1.512902532,-1.447406016,-1.165267682,-1.10034888,-1.670043699,-1.775418757,0.648066907,0.595337205,-0.268777336,0.301619068,-0.398568204,0.171818,0.369511309,1.594213344,0.751167506,
1996,Cluj,1.302465744,1.062582606,1.525537923,1.786582945,1.543790289,1.670102304,1.061192346,1.514364849,0.345041192,-0.114254456,1.182034614,1.546685177,-0.898256749,-0.669457231,-0.44524947,-0.288297606,-0.634424531,
1996,Buzau,0.159657851,0.370993736,-1.136006399,-0.815459019,-0.825046136,-0.551583238,-1.202652261,-1.02107473,0.786407367,0.785446688,0.997250361,1.362000726,0.525362243,0.667700092,-0.175953569,0.896391759,0.064382274,0.085788768
1996,Mures,0.823431626,0.49864589,1.10049257,0.722683507,1.017732447,0.411658138,0.974678526,1.394435926,0.183565363,0.48823067,1.326757519,1.520562002,-1.208206706,1.005208352,0.773476735,0.057945782,0.063032395,
1996,Braila,-1.899685166,-1.660640769,-0.470660082,-1.874326,-1.33465502,-2.230901982,0.865484849,-1.162030146,-3.17696969,-3.17474284,-1.447331373,-0.917072871,-0.512983724,-1.321426088,-0.016125784,-1.734843348,-1.138308595,-0.73026776
1996,Botosani,0.203500535,0.07182775,1.354425835,1.403019565,1.369685623,1.276433433,0.983150449,1.245329337,-0.019966234,-0.372323259,0.338349308,0.604880752,0.736458256,-0.301128322,0.918336255,0.09395511,0.370651902,-0.166090045
1996,Bistrita-Nasaud,0.366466982,0.024946361,0.146866927,-0.487077965,0.439281708,-0.161798085,-0.42166694,-0.769732534,0.329765225,0.638174331,-0.702055076,-0.211707756,-0.061561369,0.761223114,1.440655343,1.289744264,2.009495688,0.708106055
1996,Gorj,0.325832406,0.334339209,0.02653644,0.176784494,0.185015729,0.238454474,-0.011330637,0.184458263,0.217906537,0.21558232,-0.536698645,0.222004994,-1.019573797,-0.035932442,0.844673495,-0.134680415,0.974105704,1.430358195
1996,Suceava,1.063437626,0.536899761,0.99438473,0.706915512,1.21718171,0.523546389,0.186627069,1.065945681,-0.298375654,0.542996366,0.828304361,0.427858729,-0.600697674,1.208385076,-0.312878363,0.256123121,-0.284445363,0.207095164
1996,Satu Mare,-0.173995842,0.102134092,0.533404515,0.5352581,0.149372318,0.369269876,1.152960509,1.021714878,0.738271892,0.665708446,-0.006385767,-0.035439346,1.933042217,0.374001174,0.233364077,1.312668496,0.946791243,-0.509923296
1996,Bacau,1.324918315,0.975483663,0.769224568,0.55481239,1.037889999,0.790661675,0.051786701,-0.387250268,0.254786612,-0.572395229,0.670074933,1.139054379,-1.28539392,-1.556183485,-0.512520505,0.214383135,,
1996,Caras-Severin,-3.298791584,-3.347687292,-0.09794337,0.063457046,0.23321735,0.312400897,-0.327303391,-0.242257611,-0.361073203,0.006734481,1.051003965,0.270273144,0.99171655,0.469109222,-1.360437636,-1.657370348,-0.99951675,-1.080780971
1996,Arges,0.615639922,0.536772205,0.808688413,0.717545516,0.815412939,0.602949626,0.637119238,0.79736587,0.514779707,0.209137169,0.6218304,0.5275721,-0.138421279,-0.427415541,0.568929958,1.515010256,,
1996,Giurgiu,-0.267585994,-0.526616363,-0.083637625,-0.676814103,0.035649161,-0.434957099,-0.079601134,-0.828368198,0.389071319,0.679616193,-1.148005195,-0.958036488,1.127962108,1.103175451,-1.039534728,0.611168223,-0.70055549,
1996,Alba,0.336975464,0.626133312,-0.712430534,-0.432224889,-0.892967162,-0.435454765,-0.383256178,-0.42246416,0.297856278,0.345840924,-0.149484153,0.878823353,1.249392282,-0.36916362,-1.627966285,-1.577880478,-1.13523555,-1.403202622
1996,Harghita,1.04094624,1.37910354,2.531812694,1.462783283,1.947685909,1.164081681,2.523569188,1.587712952,0.221464198,0.246854701,-0.577882625,-0.523860267,0.04214819,0.122247213,,,,
1996,Ialomita,0.675746941,0.280569735,0.167364934,0.457734449,0.28434786,0.417250912,-0.5112944,0.176935382,0.137513331,0.253938268,-1.149739566,-1.333149677,-0.93751654,-0.354030469,-0.49591842,-1.089084089,-0.740700513,-0.433774196
1996,Vaslui,-0.55601488,0.093726489,-0.24331865,0.342902495,-0.65865229,-0.028189212,0.167714246,0.494565947,0.695131244,0.676189741,-0.28937168,-1.188795598,1.334490274,0.773011682,,,,
1996,Calarasi,0.290567352,-0.165498631,1.404897039,0.452301511,1.398508523,0.367012008,1.097863083,0.677396742,0.10466083,0.426985056,-0.094585813,0.203823839,-1.113563991,0.29432485,0.811508956,-0.524260145,-0.083697635,
1996,Galati,-0.011175677,-0.132364889,-2.344828756,-1.754735916,-1.823148814,-1.448845683,-2.597374475,-2.246021523,0.441768843,0.690684351,-2.142600617,-1.407243711,-0.10690508,0.10767239,-0.167226458,1.412925965,0.176139882,
1996,Ilfov,0.450404515,-0.140528513,-1.70206495,-1.415142784,-1.510691826,-1.212671608,-2.025093613,-1.460979886,0.65044236,0.986999567,0.820056409,1.012510635,0.575507493,2.036996074,0.583863383,1.021974056,0.680665369,-0.232680422
1996,Dambovita,0.497586004,0.279600444,1.276121023,0.381136635,1.073362084,0.411247092,1.423270595,0.325049295,0.490309099,-0.050115791,-0.942423825,-0.612996355,-0.291277787,-0.258267319,-1.276177329,-0.764866398,-1.210096551,0.799139285
1996,Brasov,0.257976301,0.413693823,0.495339665,0.300291683,0.534053022,0.441439892,0.648195364,0.029119064,0.672753465,0.285286024,0.334137424,0.332772629,0.059434378,-0.287643254,2.538548196,2.734295872,2.338458333,1.175059693
1996,Tulcea,-0.340084118,0.445192369,0.276117545,0.204294127,0.26072205,0.365644903,0.557188049,-0.098361103,0.858661802,0.632211475,1.025375865,0.703863605,0.793489244,0.296664751,1.657752478,-1.139288222,1.402147176,0.05597257
1996,Dolj,-0.310150614,0.160539608,-1.126534012,-0.585815593,-1.109030488,-0.506199322,-0.948658281,-0.749124952,0.799808914,0.777331258,1.327966305,-0.012434693,0.306795777,0.694303108,0.269066221,0.209442207,-0.247454759,-0.167844234
1996,Valcea,0.207839552,0.243181802,-0.222701779,0.235223839,-0.031426645,0.45010642,-0.461345265,-0.133557399,0.321315671,0.23316168,-0.284845865,-0.937203518,0.514539815,-0.741217701,-0.608129232,-0.645670449,-0.819233751,
1996,Sibiu,0.172910082,0.083760074,0.797447094,0.200896444,0.279050003,-0.147097628,1.408094198,0.783396177,-1.749049465,-1.625665839,0.566195501,0.418240803,-0.964368983,-0.336958858,2.243460208,-0.379428681,1.582818255,0.708612379
1996,Constanta,-2.511891914,-2.020552976,-1.851073895,-3.242717287,-2.80403629,-3.697487455,-0.133616767,-2.406425854,-4.216481287,-4.171526414,-2.942075662,-2.659914184,-1.366724061,-2.070214019,-0.654050273,-0.212061309,0.359541292,-0.16995122
1996,Olt,-0.087197687,-0.134033427,0.704142851,-0.138337914,0.634780303,0.012013344,0.882454123,-0.069955538,0.077111947,0.531125474,0.524280757,0.661952475,2.661695241,1.267746852,0.224207506,-2.122846131,0.395324731,-1.018779821
1997,Teleorman,-0.385401214,0.214452284,-0.68782704,-0.40695726,-1.033659038,-0.415631437,-0.061361962,-0.427125629,0.103536303,-0.209452441,0.308615961,0.507784377,0.17530469,-1.091319922,-0.608861309,-0.855834098,-0.442849836,-0.20106838
1997,Gorj,0.469308723,0.551752203,1.015726653,0.970443632,1.043827392,1.105265699,0.920064442,0.639424513,0.337002244,-0.139457767,-0.300312264,0.189806762,0.63803828,-0.637067583,0.665482962,-0.053922149,0.181305015,-0.567534756
1997,Bistrita-Nasaud,0.058350457,0.168797869,-0.268224774,0.197488934,-0.026446604,0.452386696,-0.598284795,-0.278485407,0.340944594,0.269227291,-0.232199297,-0.963209503,0.640107365,-0.764936249,-0.45801967,-0.361823636,-0.845287739,
1997,Ialomita,0.290099263,0.650932481,0.146260511,0.586454013,0.155757902,0.551308797,0.080056339,0.419574388,0.44047848,0.098966682,-0.220836617,-0.602924874,-0.357584872,-0.363663454,-1.218033512,0.076177196,-1.525436245,-2.10183722
1997,Vrancea,0.977442321,0.445600884,-1.043630467,-0.498083432,-0.761588669,-0.384785436,-1.350991389,-0.741370774,0.398424948,0.528549845,0.933586955,0.853871612,-1.799376761,-0.007212698,0.809994157,0.2331539,0.527564699,0.472434623
1997,Satu Mare,0.067255269,0.063112801,1.24826373,0.556703396,1.057471372,0.500685835,1.432683762,0.752471782,0.278263159,0.469759358,-0.552218297,-0.197908297,2.108376603,0.337091724,-1.118718402,-0.76215843,-0.929332861,
1997,Neamt,-0.674132825,0.119111584,-0.018883194,0.077099216,-0.353102241,-0.075122728,0.532204703,0.329881815,0.632428322,0.554072256,-0.656149033,-0.765940331,0.748258987,0.537882689,0.077152599,-0.045331774,-0.498265635,0.042837403
1997,Arges,1.153061226,0.888758519,1.308018628,1.620392119,1.295444281,1.463651322,1.056038404,1.521099346,0.519874409,0.179279917,1.018902425,1.463974214,-1.018415698,-0.820653351,1.640967411,0.434792996,1.614310275,
1997,Galati,0.462836558,-0.113634009,-0.584831981,-1.040160541,-0.160058625,-0.825924976,-1.012929128,-0.974391988,0.507708474,0.73892561,-1.001066211,-0.419084342,-0.496771896,1.408972135,0.878389608,0.634009089,-0.389411399,-0.34034533
1997,Caras-Severin,0.82722109,0.69555705,0.020061415,-0.870822263,0.455056256,-0.471164272,-0.69815793,-1.786637613,0.582084354,0.428382559,-0.642297701,-1.202346767,-0.324587704,-1.01034333,1.778579251,-0.707648223,-0.296185156,-1.066526083
1997,Vaslui,0.567536354,0.172184135,-0.401638675,0.121240704,-0.300843854,-0.058276563,-0.654360685,0.403011956,0.333168722,0.630680073,0.926712329,-0.265527938,1.03807436,0.171437542,-0.176845353,1.024011308,0.460991436,0.222815145
1997,Olt,0.782781527,0.714779953,0.297211479,0.379601808,0.833371322,0.516266933,-0.399831416,0.307047111,-0.694785428,0.000675923,0.410045578,0.180079366,0.115570414,0.217443591,,,,
1997,Ilfov,0.167298517,0.110597113,-1.354635666,-0.725051722,-0.725740345,-0.410887123,-1.871331907,-1.126048046,0.243407172,0.385862359,0.680271386,1.16081056,-0.768912409,0.459631859,0.677990543,0.962015467,1.541316866,0.259364354
1997,Salaj,0.790731376,0.376432114,0.950717343,0.64117831,0.939673283,0.362878901,0.666951932,1.188356161,0.308152631,0.604902202,1.41298779,1.688682928,-1.185751173,1.027508527,-1.516643089,-1.016168534,-0.716121485,
1997,Sibiu,-4.508927611,-4.788187187,0.715933931,0.616200927,0.473429621,0.353648499,1.160450682,1.10688962,-2.814526906,-2.815055548,1.017027117,0.495858254,-1.068922301,-1.189348051,-0.111002711,-0.746190187,-0.555241548,0.104520721
1997,Prahova,0.602810163,0.252938705,-0.05171803,-0.401720723,0.252453283,-0.116686225,-0.449821984,-0.622308711,0.58216312,0.60464306,-0.280969045,0.076450815,-0.970027213,0.587952436,1.845174951,2.289644351,1.300054068,0.785903194
1997,Alba,0.366702203,0.654883904,0.164373038,0.9562565,-0.109391791,0.623893305,0.491452245,1.3739754,0.482724215,0.415785409,0.173108203,0.448959308,-0.616091957,-0.23793234,-0.419911538,-0.644437543,-0.74554579,
1997,Buzau,0.262737957,0.646480835,-0.275156825,0.82053537,0.253864759,1.14487823,-0.693185559,-0.041801347,0.215618962,0.266333377,0.943229338,1.146004125,1.802941396,-1.186024823,0.646310798,-0.390423038,0.423272384,0.292212762
1997,Timis,-0.311356087,-0.293882685,-1.143918497,-0.653084843,-0.904743933,-0.516972283,-1.083867416,-0.39172052,0.849222475,0.741161704,-0.164640859,0.35400633,1.156270184,1.414516383,0.355644969,-0.13524007,1.043197975,-1.142216293
1997,Arad,0.261373888,-0.278428341,-0.756228472,-0.873225274,-0.656560179,-0.838985203,-0.783948905,-0.581186905,0.580677419,0.767474575,-0.765968123,-0.330103767,1.147242434,2.246552884,-0.278655356,-0.139016813,-0.249369551,-0.597620453
1997,Suceava,-0.721702361,0.12665493,-0.026904831,0.06354612,-0.34300258,-0.073504548,0.534602725,0.324340889,0.634704875,0.53932742,-0.814091962,-0.695104495,0.499741943,0.345704567,,,,
1997,Dambovita,1.351031947,1.07939448,1.34306509,0.973876418,1.369175626,1.122224554,0.819692763,0.221907719,0.174755772,-0.812569078,-0.405635213,0.394522338,-1.15318411,-1.884268056,0.411410509,0.758584054,,
1997,Tulcea,-0.249426415,-0.084313975,0.612121337,-0.098676769,0.619734181,-0.00753962,0.673755404,-0.034590225,0.212901862,0.345377196,0.838074362,1.477343552,1.748407277,0.253008562,1.951422376,-1.794216905,-0.271459476,0.253532243
1997,Constanta,-5.745710773,-5.983505757,-1.880390934,-3.621330317,-2.848888775,-3.979767862,-0.273335578,-2.74279291,-4.950617598,-4.896281122,-2.920297355,-3.081935376,-1.992652097,-1.519927976,0.187709388,-0.549219773,-0.656372055,0.257503093
1997,Cluj,0.797140312,0.609497724,1.384801907,0.945851781,1.313898548,0.806180282,1.226363269,1.051668491,-0.054454179,0.15684485,1.3782618,1.135584351,0.065521747,0.001267998,-0.036169891,-1.871805344,-0.617494111,-1.369025277
1997,Iasi,0.252573492,0.259462166,-1.714765998,-0.855749278,-1.631019946,-0.849599311,-1.661414172,-0.968637107,0.745786712,0.652330847,-0.072762582,0.6156673,-0.394704227,0.020496121,1.179438475,1.825809852,0.418884991,1.095633223
1997,Covasna,0.366270455,0.638170365,1.113639907,0.262162918,0.85559827,0.087203827,0.834675763,0.343697222,0.149452638,0.465663926,-1.383082304,-0.970528825,0.078453749,0.98451134,,,,
1997,Maramures,0.020230307,0.140666332,0.671927175,0.142550368,0.181524244,-0.201917705,1.213255717,0.59487948,-0.105682401,-0.530864324,-0.155142323,-0.207391867,-0.627896691,-1.358554934,0.646036227,1.479809237,,1.788076111
1997,Hunedoara,-0.108670831,-0.431491205,1.035000086,0.081465044,0.761220103,-0.310927544,1.381810626,0.561699963,-0.141772555,-0.201104497,0.736395643,0.443746386,-2.020341398,-0.559429673,-0.367238088,-0.102567101,-0.656828668,1.860451264
1997,Bihor,0.601925678,0.408445701,-0.177343052,0.331268797,0.046463135,0.315592211,-0.751635598,-0.013361808,0.328675065,0.45175236,0.082959097,0.111483714,-0.682680419,-0.399659436,-1.399395089,-1.774379821,-1.46273352,-0.935731107
1997,Bacau,0.365760689,0.57764509,-0.152152277,-0.134081457,-0.008530866,0.019041369,-0.182600894,-0.230359243,0.681306754,0.628016232,0.943595195,1.4542995,0.376299212,0.304526623,-0.400166447,0.639903458,-0.277473591,-0.942120411
1997,Calarasi,-0.013791165,0.19766629,0.809051846,0.198553516,0.535310617,0.26281119,1.086509938,0.129414339,0.560640535,0.489320629,0.111585242,-0.096440268,0.800073296,0.854363365,2.626117707,-0.072135052,0.905215642,-0.599903301
1997,Mures,-0.314737033,0.611288619,0.842369374,0.721432997,0.656738666,0.749545317,1.278384762,0.594057658,0.691618576,0.418368181,0.767478803,0.545841425,0.489104618,-0.108512878,2.286206268,2.02148006,2.995092814,1.058176316
1997,Botosani,-1.036588235,0.028522951,0.948267541,1.795449643,0.684214602,1.674228995,0.855735834,1.662910786,-2.523722296,-2.453398954,0.079712375,0.190066491,0.050387451,-1.041588545,-0.349941609,0.260997005,-0.431628498,-0.843206864
1997,Braila,-1.482712841,-1.349356286,-0.725486374,-1.543701241,-1.125010332,-1.844600737,0.059485027,-1.005087183,-4.744298764,-4.569203876,-0.275030441,-0.878460563,-2.157680361,-1.814009182,0.073151709,-0.191305069,-0.290073821,-0.022523463
1997,Giurgiu,0.775935389,0.403341167,-1.220450068,0.097950893,-0.78571728,0.317913027,-1.842046987,-0.430109065,-0.050737168,0.04045927,-1.212031675,-0.678889043,-0.764911135,-0.643497908,0.766289601,0.721205341,-0.373715022,-0.203165059
1997,Mehedinti,0.348670227,-0.424570265,-1.909075458,-1.324075207,-1.465304829,-1.242904625,-2.06465786,-1.203636203,0.536879694,0.819755937,-1.251923009,-2.415717231,0.99354462,1.394885518,-0.106584525,-0.056976495,-0.996740479,-0.623933283
1997,Dolj,0.409550336,0.083180952,-1.001726906,-0.975010589,-0.766269521,-0.781660137,-1.22843028,-1.140984337,0.699771201,0.781183949,0.722870385,1.017790496,-0.910716779,0.477949973,0.401091701,1.889748072,0.184506373,0.253161042
1997,Brasov,-0.094017582,-0.13860945,0.597066772,-0.328895054,0.559568904,-0.137745509,0.817757341,-0.253625092,0.137356724,0.602666431,0.127280028,0.44636008,2.577438627,1.352538975,-1.46265242,-0.560943038,-1.08517214,-1.331918029
1997,Valcea,0.436152765,0.624983349,-1.432949925,0.117639223,-1.191847146,0.145813945,-1.40482054,-0.001148305,0.490235104,0.321229112,-0.566587633,-0.602790073,0.702263693,0.032899978,-0.887802055,0.097546304,,
1997,Harghita,-0.066275718,0.196881409,0.041461673,0.095484141,-0.039572746,0.079364618,0.153922941,0.163274959,0.439815064,0.46028733,-0.190020728,-1.364281069,0.373292298,0.303456086,-0.808118486,-0.890926234,-0.405944772,-0.601860159
1998,Dolj,-0.071401361,-0.127759955,-0.651712751,0.083976364,-0.46887956,0.011327693,-0.679589142,0.493469289,0.842996455,0.907428127,0.893912213,1.172936529,0.692441707,1.424513998,-0.704202377,-1.26131577,0.883101165,0.702149804
1998,Iasi,0.710515746,0.250133283,0.211566889,-0.215261302,0.271258453,-0.353226432,-0.032200786,0.228393726,0.486735072,0.799891924,1.472110655,1.462085542,-0.776288417,1.600392626,-1.545201477,-0.434318277,-0.731733797,-0.207760975
1998,Vaslui,1.123672968,1.029597352,0.42478211,1.444748847,0.622713292,1.297638999,-0.222414853,1.169850286,0.283817252,-0.280090179,0.536268865,0.921119694,-0.218166354,-1.645473176,0.977320095,-0.162655514,0.926682708,0.674841006
1998,Teleorman,0.05239021,0.352585173,0.487692845,0.504374753,-0.034018371,0.022547861,1.225705219,1.236020098,0.341090989,0.103905367,0.144524133,0.058543861,-0.679000455,-0.131177675,-0.367273968,-0.101311613,-0.466374798,
1998,Mures,-0.226806244,0.037403341,1.215173808,0.495398397,1.012020235,0.425745487,1.44895052,0.715755349,-0.170643141,-0.185476862,0.638259086,1.193460254,1.343853575,-0.304297122,-0.598136308,-0.279208617,-0.434548066,-1.870330481
1998,Harghita,0.124667044,-0.068598733,1.438799228,0.15241359,1.161688138,0.082125549,1.647581461,0.366072262,0.270348447,0.350335632,-0.067394319,-0.298516763,1.238818437,0.969086325,0.711264666,1.858953188,,-0.18538612
1998,Arges,0.658842075,0.529244425,1.047034766,0.75471819,0.938616671,0.613409372,1.021497914,0.963850098,-0.389462345,-0.072435387,1.245014501,0.971397429,-0.171244981,0.1028685,0.841095475,-0.898072183,-0.385141791,-0.243620688
1998,Dambovita,0.213851031,0.373179389,0.418895742,0.045255694,0.329294918,0.090041687,0.709088369,0.228111176,0.59332035,0.55354077,0.025174963,0.505169565,0.408691631,0.877540287,0.995599031,1.639707275,2.274315685,0.015133082
1998,Salaj,-0.030544132,0.648393798,0.915448552,0.777221389,0.796290772,0.798672915,1.264131753,0.598654564,0.7865475,0.455694961,1.043565717,0.690075297,0.15360211,-0.555154652,1.204428921,0.087325632,1.315175636,0.56107194
1998,Vrancea,0.346661193,0.268930896,-0.654092398,-0.477807133,-0.316615992,-0.224830552,-1.136479753,-0.858687186,0.722697603,0.905028794,0.537175909,0.86991481,-0.863931589,0.090129938,1.710649387,1.662070067,1.435154071,1.169930334
1998,Mehedinti,0.882306465,0.642742782,-0.486240599,0.007122946,-0.0446849,0.2126178,-0.954957897,-0.372458408,0.265718982,0.048390463,-0.812517038,-0.276561316,-0.92939923,-1.239282633,0.25651807,-0.442796635,0.224834417,
1998,Prahova,0.335499211,0.25621666,-0.36389059,0.099635793,-0.219141011,0.353724765,-0.431879525,-0.274962945,0.306316017,0.133604694,0.001691712,-0.460836098,0.358168419,-0.625922002,1.642904074,-0.329276952,-0.019633653,
1998,Calarasi,0.019591488,-0.017418228,1.491986107,-0.018011281,1.401824053,0.123956945,1.456018642,-0.151083218,0.478060487,0.515418437,-0.024555901,0.184787862,0.316245448,0.783243205,-0.28262864,-1.218095512,0.28867938,-1.015033302
1998,Hunedoara,0.632099016,0.493955497,0.912470053,0.231049478,0.59740784,0.031504909,1.259307077,0.315844595,-0.250460399,-0.658468864,0.402797111,0.914667548,-1.795801222,-1.567802257,0.087094027,-0.040833005,,
1998,Ialomita,0.52599728,0.208781394,0.191353896,-0.010187906,0.15909168,0.028733946,0.075780224,-0.017431912,0.500256596,0.396334491,0.263948587,0.57598047,0.150976351,-0.13556636,-0.498264965,1.515290523,-0.344955881,-0.571613313
1998,Maramures,0.567136131,0.477114332,0.917742412,0.894742277,0.492435189,0.51670601,1.358012179,1.264905867,-0.107317969,-0.526255994,-0.095448112,0.421649599,-1.479513824,-1.419315464,2.12296232,0.560675274,1.816123254,
1998,Arad,0.399589704,0.12935483,0.022111251,-0.077522349,0.258570154,0.050440149,-0.18654001,-0.154672598,0.238120474,0.315399557,-0.777903775,0.081485521,-1.038513599,0.084912057,0.637440741,-1.342542859,0.981823577,1.180833596
1998,Alba,0.636389321,0.219420821,-0.471363982,-0.110584193,-0.320361197,-0.2116525,-0.522476049,0.223294426,0.480121099,0.841763295,0.700768153,0.518119368,0.599567877,0.866870182,-0.885182944,-0.341294332,0.092843931,0.362797833
1998,Galati,-0.625117696,-0.034487027,-0.993709007,-1.104613328,-0.914488256,-0.780614417,-0.706625741,-1.449106414,0.743367763,0.711596574,-0.130238254,-0.028445549,1.07012825,1.271615369,1.736593971,-0.234891566,1.658355784,0.170324356
1998,Bacau,0.555027891,1.054101806,0.605466999,1.52906417,0.904809535,1.641071254,0.278508369,0.961721249,0.055193033,0.04091819,0.867500175,1.01005565,1.782656527,-1.346767687,-0.87284547,-1.305428635,0.036232795,-1.472961809
1998,Bihor,0.024677615,0.579312327,0.031823328,0.536687663,0.063056507,0.589564346,0.06924558,0.21302807,0.529006766,0.298314869,0.98701144,-0.270202108,-0.61944844,-0.540600787,-0.26647846,0.287169702,-0.617325396,1.788076111
1998,Brasov,0.80350897,0.69946455,0.099865309,0.138921323,0.60204231,0.245343722,-0.513490525,0.18584331,-0.414345276,0.289452846,0.081881306,-0.092244997,0.281933123,0.464307739,-0.971454079,-1.263416018,-0.757179276,-1.358728937
1998,Cluj,-3.414483693,-3.700289085,1.188951212,1.174084656,1.247524989,1.122434324,0.988291738,1.127932749,-1.880850888,-1.743138408,0.857346353,0.073979001,0.148004166,-0.11970915,,,,
1998,Olt,-0.583149338,-0.004399114,-0.922983393,-0.366283543,-1.021213463,-0.488032508,-0.660719336,-0.36960313,0.668994427,0.793159351,-1.005468914,-1.900626185,1.333014017,1.50857212,-0.436706962,0.721367291,-0.130131288,
1998,Constanta,-2.809018838,-1.973404688,-1.495089151,-3.342569617,-2.763849024,-3.803530956,0.153737598,-2.518891234,-5.179819656,-5.148235047,-3.190662829,-2.625689936,-1.845084503,-2.035553444,,,,
1998,Botosani,0.495746965,0.133216242,1.827939015,0.909022165,1.584369184,0.669620923,1.835709837,1.040051081,0.338654929,-0.042287407,-0.08390975,0.011162625,-1.01900948,-0.102135101,-0.074068019,-0.431335649,-0.383092957,0.668277133
1998,Satu Mare,1.117144153,0.589643309,0.295005889,1.320651251,0.580174376,1.281539248,-0.490151537,1.176667548,0.013078615,-0.106936726,-0.827821818,-0.62335373,-0.374141416,-0.44997885,-0.09918256,0.38165412,-0.232533714,0.148663476
1998,Valcea,0.233332883,0.383412516,-0.682892376,-0.185184722,-0.438275999,0.018731292,-1.064747914,-0.485987333,0.42973189,0.371381053,-1.202963866,-1.756498973,-0.708939759,-0.079288907,-1.447375747,-1.571495009,-1.73087075,-0.390138272
1998,Caras-Severin,0.207433604,0.465105,-1.847441164,-0.737389401,-1.47600291,-0.530866064,-2.129675465,-1.335673347,0.420260717,0.283040118,-0.631213959,-0.17334225,-0.407975518,-0.504833348,-0.042067499,1.490933254,-0.492188233,
1998,Giurgiu,0.087240372,-0.061619153,-1.468134306,-1.632741652,-1.190701707,-1.301710669,-1.731641796,-2.020620399,0.569536382,0.539939364,-2.055299831,-0.385827303,0.286628493,0.709617713,-0.690340592,-0.78579143,-0.724069487,1.219893862
1998,Gorj,-0.323888367,0.449476326,0.289485293,0.72153379,-0.005940012,0.560950278,0.434163085,0.817325657,0.374682595,0.37296671,-0.826857664,-0.919699782,0.072524854,0.597292989,-0.435683992,0.176826535,-0.138789145,-0.843206864
1998,Braila,-2.307970069,-1.671539322,-1.980454068,-2.241765059,-2.802593764,-2.67652087,-0.348732492,-1.383385599,-1.171591588,-1.175130542,-1.613667545,-1.666767304,0.006749785,-0.648185366,-2.161512599,-0.91917926,-1.827238631,-1.597025371
1998,Tulcea,0.922042462,0.779488987,0.019313527,0.493065859,0.625824875,0.614703327,-0.737635953,0.383321016,-0.786853951,-0.143937125,2.561516294,1.820307989,-0.865744874,-0.036874989,-0.296958557,0.434374327,-0.326429222,0.020182862
1998,Covasna,-0.18567718,0.02836477,-1.342783112,-0.949635166,-1.163445713,-0.7101824,-1.208098266,-1.144994222,0.603620709,0.749807143,-1.490222878,-2.558799219,0.694670128,0.42821897,-0.486386246,-0.042131261,-0.192573806,-0.156065832
1998,Neamt,0.596638406,-0.100240614,-0.277572566,-0.074876722,-0.13209187,-0.209662628,-0.561106402,0.075092213,0.05935637,0.537553139,0.695559291,-0.641860863,-0.069627934,0.812671567,-0.889796885,0.790714624,-0.606919941,0.091352262
1998,Sibiu,0.405774994,0.236395475,0.777909823,-0.334205517,0.639578196,-0.477729288,0.91087162,-0.224251387,0.01195942,-0.075325355,0.228683115,-0.285984336,-1.26475427,-1.659368102,,,,
1998,Ilfov,0.080094005,-0.258984751,-0.4729036,-0.320886619,-0.020121018,0.067535579,-0.899693994,-0.952099764,0.306629743,0.164441534,1.311917943,1.539010332,0.735002182,0.541267742,0.434839885,-0.60634019,0.149884244,-0.993453905
1998,Suceava,0.588435451,-0.136173764,-0.297104397,-0.099644913,-0.154487027,-0.239055785,-0.558915259,0.064517217,0.041258447,0.517094631,0.752858219,-0.707489209,-0.218276914,0.643361188,-0.167761171,1.166018449,-0.258560974,-1.062480445
1998,Buzau,-3.187587259,-3.736696857,0.398882795,-0.171760307,0.713144445,-0.007469772,-0.173278782,-0.096284412,-0.084999672,0.350762463,0.718689975,0.392080655,-0.497401565,2.163990956,0.74448804,-0.207210711,0.020470939,0.645195627
1998,Bistrita-Nasaud,0.24777508,0.370008114,-1.423224942,0.113692252,-1.23637229,0.115022968,-1.384394427,0.030678814,0.544604667,0.436131052,-0.469140654,-0.701165101,0.676067799,0.107886989,-0.151029719,1.162240897,0.643511563,
1998,Timis,-0.202836797,-0.751283347,-0.467881422,-0.734018497,-0.17818209,-0.440459332,-0.536950777,-0.92526968,0.271033206,0.573846215,-0.560900306,-0.337632918,1.890633791,0.915034324,-0.484241019,0.308230922,-0.150144493,
1999,Ilfov,-0.422536323,0.135090159,-0.945002134,-0.092164219,-0.854579395,0.101608892,-1.456816687,-0.608174714,0.021568399,0.184438083,1.054510681,0.965026953,-0.42916999,-0.026654947,0.111789447,0.015679271,-0.261499932,0.998691218
1999,Brasov,-0.613577372,-0.007946335,-1.111578015,-0.620490225,-1.132305972,-0.655691085,-0.864680015,-0.625873857,0.660358393,0.786584813,-1.448183433,-2.285965651,1.171495448,1.579948609,0.229013934,0.100354298,-0.36795625,-0.88706158
1999,Giurgiu,-0.0681498,-0.320359127,-1.014477479,-0.821975131,-0.704679182,-0.599210715,-1.057154382,-0.669710753,0.717827344,0.82769895,-1.556206267,-1.16547604,0.723726025,0.630094579,-0.063538273,-0.577559014,-0.659324754,
1999,Mures,0.759299141,0.761619298,0.646275802,1.097753057,1.050753408,1.080611982,0.062600106,1.082414609,-1.705314979,-1.141142523,2.49725209,1.68153431,-1.038832279,-0.696650855,-1.207622779,-0.957566029,-0.928365834,-0.011189457
1999,Galati,-0.310552032,-0.303096579,-0.336602336,-1.352678755,-0.022505241,-0.941184557,-0.475741124,-1.59710781,0.365656221,0.742405389,-0.190973411,0.340443815,0.70986663,1.147486997,-0.008067733,-0.60761791,-0.074803217,-0.393661653
1999,Vaslui,0.93535317,0.743026527,1.070883664,1.052370065,1.160185092,1.06250971,0.556378671,0.808703309,0.471930088,0.187434838,0.938647745,1.042609767,-0.956683722,-0.149959245,0.067719181,-0.17113001,1.229723615,-0.223758997
1999,Teleorman,0.403442788,-0.119414567,-0.148739412,-0.39716572,-0.393333198,-0.74856357,0.336704026,0.324496196,0.181785432,0.365669074,0.514259546,0.116814436,-0.303874841,1.011680966,0.313038367,-0.115169877,-0.203926165,-0.085972696
1999,Dolj,-0.282533296,-0.898779677,0.037620204,-0.074684163,0.284406897,0.110465548,-0.041941807,-0.258437177,0.337146337,0.457038042,0.761511172,1.554078321,1.257770573,0.259514871,-0.475552418,0.819905191,-0.444176869,
1999,Bihor,0.707560265,0.308428566,-0.028556492,-0.218465788,0.08185479,-0.158070893,-0.334513381,-0.304950818,0.481574889,0.603685847,0.988504147,0.90579161,-0.173141223,0.24749229,-0.561072226,1.454103343,0.125772611,-0.263081484
1999,Timis,0.691603483,0.212390801,-1.65244414,-0.216187792,-0.985590776,0.055795559,-2.444989314,-0.785374223,-0.066175114,0.096298002,-0.463580925,-0.105468933,-0.245042663,-0.329962909,0.012232928,0.920459239,-0.06022902,-0.28505593
1999,Salaj,-0.236006936,-0.076307407,1.052733133,0.404434725,0.854290433,0.3125655,1.332736966,0.702361292,-0.338168033,-0.198033664,0.815872176,1.441587024,1.57733818,0.089814407,-0.81736995,-0.723625237,-0.609163952,-1.380903819
1999,Bistrita-Nasaud,-0.033069952,0.317825565,-0.685841658,-0.118892028,-0.509416458,0.076367033,-0.984217248,-0.429642286,0.506082018,0.439198432,-0.798675552,-1.380022865,-0.387086377,-0.106068137,-0.815277719,-1.571016254,-0.602561653,0.76071859
1999,Satu Mare,0.277955605,0.604811945,-0.18273383,0.135197719,-0.17884408,0.380803683,-0.206339198,-0.484905565,0.365572236,-0.453884703,-1.549759132,0.495991199,0.329742736,-1.078412431,-0.251388652,-1.25176171,-0.407799625,0.216868289
1999,Ialomita,0.298791291,0.173502036,0.466117056,0.757859823,0.302568665,0.638259395,0.767588588,1.210250602,0.700936465,0.578182809,0.765060128,0.488965231,1.317508507,0.399583813,-0.847973408,-1.373416504,0.661987443,1.484466537
1999,Botosani,1.416505826,1.180273485,1.610375038,1.378729055,1.520764086,1.328990793,1.27259547,0.784506066,0.107083597,-0.794032084,0.466662725,1.200838854,-1.207963031,-1.988503246,0.060264311,1.611729362,,
1999,Prahova,0.603081754,0.796543977,-1.573690643,0.012914837,-1.153199935,0.126932236,-1.673492704,-0.192268385,0.29348399,0.06902907,-0.422536802,-0.302001202,1.187422613,0.354854997,-0.263230332,1.174816078,-0.985505876,-0.843206864
1999,Olt,0.529695972,-0.083795786,-1.141097329,-0.577637437,-0.833023721,-0.604026083,-1.442532377,-0.44930706,0.451288915,0.793727274,-0.016831053,-1.267251722,1.211427583,0.845881583,-0.859671524,0.611601509,-1.079548339,-0.542035921
1999,Bacau,-3.037854092,-3.560152971,1.19539603,0.44604266,1.274720839,0.486979153,0.813722256,0.618408676,-0.508145772,-0.190607777,0.184465138,-0.141628382,-0.354452183,1.770409136,,,,
1999,Suceava,0.859392195,0.742647233,1.137286257,1.406807451,1.151525328,1.338576342,0.629314091,1.096388425,-0.065012992,-0.327860754,0.275813976,0.05474652,-1.565436396,-1.351398855,0.574642317,-0.39023793,0.521654687,
1999,Alba,0.31674823,0.381174215,-0.183276923,0.499246738,-0.001642318,0.509184885,-0.378239623,0.463208534,-0.49960984,-0.372344422,0.47944058,0.802435593,-1.160674913,0.098722971,-0.677299206,-0.391524495,-0.892290481,-0.774370795
1999,Arad,0.326792522,0.539058312,0.811754449,0.671756592,0.862127951,0.827526596,0.639937456,0.294602814,0.372655173,-0.003254815,-0.373049334,0.037968001,0.323547879,-0.490931793,1.218821385,-0.557900137,-0.488829032,0.582071414
1999,Braila,-1.345108402,-1.569108395,-1.64506179,-2.428491217,-2.33774874,-2.925860458,-0.531144934,-1.442168663,-1.384826064,-1.129370461,-0.852220229,-1.858851709,-0.853395695,0.20405949,-0.122399791,1.424696266,0.394982168,0.453143693
1999,Maramures,0.304184694,0.100068731,0.95451791,0.150663925,0.400733139,-0.284652778,1.568444417,0.773457424,-1.19308632,-1.153428831,0.28731713,0.185341772,-0.787687262,-0.623474729,-1.091397258,-0.725608259,-0.806897211,-1.343045204
1999,Constanta,-2.627839947,-2.542521062,-2.520193168,-3.855917982,-3.431618167,-4.25904382,-0.789507197,-3.040590363,-2.052132444,-2.122839989,-2.684437365,-2.994499109,-1.832766399,-1.949403536,-0.31028101,-0.311021157,-0.364218098,0.373720035
1999,Harghita,1.13886844,0.7209845,1.794323002,1.182320491,1.681854251,1.215835773,1.414501029,0.925257556,0.017637745,-0.23281855,-0.237531957,-0.009292082,0.532573159,-0.268486227,0.641425333,-0.636359062,2.326823321,
1999,Cluj,0.83599723,0.737879705,1.349345144,0.446524887,1.415321392,0.451777288,0.825321097,-0.003934311,0.429419367,0.075695313,-0.027725064,-0.583128416,-0.531769501,-1.423689436,0.360399466,-1.108163883,-0.876073449,
1999,Calarasi,0.973347047,0.253896662,0.368028937,0.299577935,0.788342575,0.206599794,-0.501131121,0.667850079,-0.344384312,0.645835026,0.405403892,-0.246841166,-0.535531361,1.283058199,-0.778782157,0.647842575,-0.43349957,0.191595768
1999,Valcea,-0.354879799,-0.163241741,-1.07312574,-0.873995882,-0.991773254,-0.740680147,-0.896312526,-0.768765903,0.522655949,0.660247829,-0.912730299,-1.391015818,1.369493159,1.9758661,-0.068692775,0.722754734,0.081471805,-0.309995336
1999,Buzau,0.351045435,1.061395539,0.668489702,0.781973975,0.733804396,0.833333236,-0.181746903,0.401731495,-0.423801327,-0.326262957,-0.181722277,0.496709701,-0.343498164,-0.134122674,,,,
1999,Iasi,-0.690794299,0.229909617,-0.154637203,-0.266708402,-0.299490446,-0.157749725,0.320537606,-0.409159239,0.865972384,0.742080541,0.758766096,0.693668839,1.659745692,1.119688427,-0.025084043,-0.430852213,0.733487609,2.282438366
1999,Covasna,0.080396091,-0.314422407,0.014307527,-0.984219249,0.193907535,-0.783615523,-0.123017474,-0.879774607,0.436911221,0.621295703,-1.24469647,-1.523442882,0.505870555,1.633578337,-0.593221136,-0.483863133,,0.069254168
1999,Caras-Severin,0.666440864,0.139191426,-0.022364264,-0.341680951,0.400681945,-0.286507704,-0.769811772,-0.284934885,0.382027013,0.663395119,0.114084579,0.479373332,-1.199914932,1.74943625,-0.302584974,0.332363135,-0.151319648,-0.533644161
1999,Hunedoara,0.053372306,0.420891933,-0.122560488,-0.006804153,-0.512105805,-0.33260708,0.630530601,0.538181783,0.171652997,0.04770756,0.240175981,0.49902468,0.228530013,-0.906823513,2.423554103,1.879133069,2.327624912,1.07707578
1999,Tulcea,-0.742150209,-0.126318359,-1.339841012,-0.459974365,-1.436067528,-0.64892857,-0.605664264,-0.060943639,0.878924653,1.020362331,-0.126747248,0.180066032,1.845653399,1.914981183,-1.005411512,0.632113721,-0.759810726,
1999,Neamt,0.861288144,0.805490566,1.230648204,1.496869204,1.215708228,1.395703456,0.736846997,1.197555718,-0.028989204,-0.344182197,0.149293973,-0.146579865,-1.461033404,-1.324883323,-0.280067919,-0.456987901,0.242556423,-0.426788228
1999,Arges,-3.853115061,-4.141646257,0.936406897,1.055741676,1.02322846,1.018261023,0.890191534,1.139115602,-1.624327635,-1.507062547,1.545337071,0.799244838,0.074785965,-0.308043081,-0.591356521,-0.754247251,-0.539311827,0.296296829
1999,Gorj,0.376002552,0.273293028,0.804823193,0.031862111,0.666330956,0.179105605,1.042062407,-0.102307569,0.545576427,0.076213563,-1.323090797,-1.260856573,0.067303003,-0.281789352,0.833688414,1.179094823,0.074913661,1.003088119
1999,Vrancea,0.171232082,0.412024193,-0.59825994,0.131629843,-0.415367101,0.381353242,-0.657114807,-0.316098165,0.427096804,0.201154701,1.85549086,1.463172589,-0.22652756,-0.791362879,0.942743567,0.294946102,1.010508595,
1999,Sibiu,-0.234099186,0.212348951,-0.867471595,-0.20837762,-1.373847997,-0.504242896,-0.097448161,0.130805365,0.131349406,-0.368052941,-0.044465028,0.648267266,-1.048533415,-1.581037047,-0.228067433,1.523408328,-0.003384127,0.998691218
1999,Dambovita,0.683767453,1.289363012,1.188911209,1.862491133,1.242676371,1.872898353,1.120624056,1.618331943,-0.077282449,-0.329210949,0.328841101,0.518632531,1.783175228,-1.501680721,0.298558503,-1.20514155,-0.597518163,-0.302701518
1999,Mehedinti,0.556241202,0.201588657,0.155548043,-0.398599646,0.375178324,-0.125395985,-0.115457655,-0.50746338,0.527421775,0.605500319,-0.610827037,-0.185045717,-0.849696165,0.688277689,1.000775575,0.636386158,1.363595857,1.016837997
2000,Olt,1.11498394,0.896545708,-0.152648905,0.706240373,0.227127192,0.731098162,-0.785232768,0.302927706,0.353553546,-0.103263804,0.06211924,0.528007702,-0.542892109,-1.42050967,-0.087016156,-0.909466903,-0.102367554,1.64541619
2000,Buzau,0.196522065,-0.002817113,-1.247756672,-0.592306151,-0.972866418,-0.44683261,-1.357061761,-0.920634844,0.584270696,0.78864949,-0.211795594,-0.93474482,0.175789351,0.253174788,-0.2695907,0.414310835,0.229696165,0.571204644
2000,Ilfov,0.260340703,-0.148415792,-0.409079159,-0.896619237,-0.089173871,-0.622814659,-0.620611938,-1.412593224,0.733250105,0.522745949,0.391800442,-0.038542136,-0.624078942,0.085744964,0.497651063,1.565244526,-0.130175893,0.297064351
2000,Hunedoara,-0.094110681,0.519984103,0.968798093,1.276977905,0.707050182,0.944288171,1.437357272,1.60364984,-2.48906435,-2.415231973,0.420828627,0.671424889,0.04491255,-1.373778018,-1.43434242,-0.461322476,-0.795885503,-1.45346871
2000,Gorj,1.185906757,0.897852828,0.95883383,0.51824539,1.078942996,0.799368629,0.500042635,-0.253312511,0.231067479,-0.698111277,-0.753294793,-0.072207291,-0.661632792,-1.734184203,-1.522943268,-1.037098443,,
2000,Galati,0.772496784,0.366736491,-1.411573579,-1.004943758,-0.654909489,-0.790988231,-2.20420348,-0.964397751,-0.184440489,0.455620176,0.04734389,-0.431888327,0.144597537,1.66371965,-0.233631077,0.582625117,-0.31169761,0.554805221
2000,Teleorman,-0.063005945,0.272606295,-0.243419187,0.170040575,-0.523413284,-0.101730755,0.291381731,0.581576748,-1.499196123,-1.43866706,0.185675282,0.308752303,-1.102027996,-0.733765595,-0.569932806,-1.021219892,-1.003928816,-0.13834384
2000,Constanta,-2.450011039,-2.318947232,-2.048616424,-3.735792486,-3.065166757,-4.121957279,-0.304543429,-2.929717556,-2.133997595,-2.331669009,-2.749346824,-2.68853175,-1.774134952,-2.027831582,0.875651153,2.440058492,,-0.112294926
2000,Iasi,-0.292673771,-0.104547493,0.444247017,-0.459502773,0.425334206,-0.345856784,0.500801584,-0.425325031,0.533403108,0.617978552,0.74882649,1.171841565,1.569489998,0.31333841,0.00788071,-1.242028994,-0.183471512,-0.236860857
2000,Salaj,0.884328984,0.751949912,0.711486636,0.997380236,1.138479054,0.970887674,0.158646711,1.057057822,-1.856643673,-1.277965448,2.496007433,1.661577382,-1.168769107,-0.576255634,-0.252311584,-0.990450703,-0.113115563,1.03761262
2000,Timis,0.205544444,0.303741198,-1.955792131,-1.640496787,-1.559088273,-1.192216885,-2.230450462,-2.28347489,0.506603945,0.391372927,-1.811806442,-0.249276479,0.709557765,0.228037298,1.610514654,-0.003922063,0.467402228,1.827909299
2000,Vrancea,0.462319607,0.252669363,-1.685478084,-0.127947987,-1.501420103,-0.221463256,-1.694086066,-0.000993433,0.479614804,0.298373678,1.625275398,1.52558029,0.145229386,0.966027232,-0.183097341,0.650954827,,-0.648297014
2000,Maramures,-4.294849322,-4.757748211,0.807986182,0.48686623,0.448038587,0.135186171,1.272203235,0.929043398,-3.736932604,-3.692405415,0.236161953,-0.322448039,-0.843169168,-1.027745017,-1.923096781,-2.024368433,-1.363688815,-1.854099642
2000,Cluj,0.370937172,0.871617523,-0.551600906,0.587725072,-0.643272754,0.505086653,-0.454834341,0.385737725,0.495428501,-0.08970559,0.458618471,0.80117562,-0.610165049,-1.368034385,-1.23371806,0.877588215,-0.359371416,
2000,Sibiu,0.229111695,-0.066913327,0.727110485,0.196360083,0.305539751,-0.273775367,1.110071832,1.061065195,-0.278844839,-0.036429668,0.647604015,1.015959464,-1.262741703,-0.011408779,-0.098923511,0.366782977,0.382047439,-0.765816188
2000,Prahova,0.601799786,0.342279967,-0.978981349,-0.506679639,-0.630545298,-0.277210721,-1.563559692,-0.961379758,0.390602917,0.422180927,-1.59604609,-1.862402024,-0.984025993,0.062162098,0.022101074,-1.77339726,-0.83719434,1.331502205
2000,Neamt,0.782378434,0.38145102,1.930617161,0.789847821,1.711149021,0.757095758,1.732207583,0.73609818,0.221767724,0.222843269,0.404721301,0.252453849,-1.043915349,0.26728414,0.396685874,-0.331530947,1.440414081,0.438495465
2000,Vaslui,0.328323349,0.295669271,1.044136126,1.183954845,0.857536524,1.170164063,0.996229574,0.929926503,0.010933886,-0.182595076,0.874645446,0.24345556,0.313320674,-0.649117598,0.868594127,0.303847611,0.991110181,
2000,Arad,-0.129287299,0.460705852,0.098573873,0.385557394,-0.171927721,0.28545633,0.208737459,0.421104259,0.429677053,0.43299244,-0.953700055,-1.056556537,-0.172689541,0.555247753,0.390777027,-0.236903617,-0.553696618,
2000,Suceava,0.774237217,0.371751902,1.861743549,0.7440172,1.694232487,0.752364256,1.584374232,0.652400638,0.144910715,0.192590141,0.456600604,0.457814078,-1.162344595,0.158836821,-0.598675469,0.211523317,-0.030605468,-0.350525586
2000,Braila,-0.713248277,-0.986755067,-1.515806782,-1.780193649,-2.183332059,-2.187677248,-0.346573015,-1.012421394,-1.43082705,-1.475920073,-0.9560811,-1.13022673,-2.280386252,-1.703984908,0.311856852,-0.238656219,-0.034846614,-0.359909991
2000,Caras-Severin,-0.067992647,0.373425079,-0.134356642,-0.123009011,0.056362716,0.170500808,-0.12308697,-0.707444628,0.727292609,0.443099248,1.167771182,0.832104165,0.297502734,-0.096788707,1.298892677,-0.062903785,0.80980409,0.851946591
2000,Brasov,0.512494784,-0.17546346,-1.373477019,-0.813822707,-1.024609275,-0.806030273,-1.626104004,-0.69586684,0.479124179,0.795281387,-0.56509889,-1.743826862,1.130477474,0.956314541,-0.110851571,1.179594951,0.227809092,-0.126718995
2000,Alba,0.151503416,-0.210103856,0.739304102,0.803058604,0.756273258,0.856258157,0.735039396,0.680293263,0.016355886,-0.20520472,2.015619287,1.944144266,-0.054954552,-0.769017505,,,,
2000,Giurgiu,-0.022690081,-0.395247039,-1.637937431,-1.437048688,-1.528453416,-1.287954799,-1.896274189,-1.295411892,0.510904782,0.915780971,-0.956626495,-0.288013091,1.042239651,1.698408937,2.08192866,-0.136966553,1.692074513,0.733729274
2000,Satu Mare,0.222912835,0.135636833,0.605414769,0.23774214,0.43153405,0.157905758,0.815496922,0.56120041,0.671018648,0.640239383,-1.36398878,-1.183119881,0.559104285,0.658452382,-0.046513648,0.146570993,0.192865127,
2000,Mures,-0.715767446,-0.029475456,-0.82907674,0.070380453,-1.131784585,-0.285809477,0.122047965,0.738644975,0.539905977,0.635814629,0.059490243,0.339274274,1.816084458,1.501185536,-1.274990747,-0.604116102,-1.412782361,0.077742177
2000,Bacau,0.491772544,1.38758005,1.443371432,1.585698903,1.295771596,1.552528328,0.777565087,1.379763768,-0.800896641,-0.879005405,-0.666188896,0.015769244,-0.338570321,-0.561015376,,,,
2000,Calarasi,-0.929802821,-0.014396175,-0.375024198,-0.310539029,-0.517377409,-0.334050857,0.094703476,-0.101223291,0.718288074,0.649716319,-1.406454768,-1.086612023,0.200860765,0.24179228,-0.657291057,0.418543195,-0.789604085,
2000,Bistrita-Nasaud,-0.480611404,-0.355854398,-0.980094612,-0.896881576,-0.964853064,-0.791984213,-0.801564847,-0.747495334,0.530403749,0.747893181,-0.554407057,-1.005393153,1.81679206,2.295268377,-0.109333894,-0.211023718,-0.144611634,-0.251168194
2000,Botosani,0.611025543,0.895056699,0.847624311,0.729396316,0.743006563,0.641523148,0.896719839,0.884869106,0.553215087,0.313573852,0.887772118,1.408553159,0.258254919,-0.410674576,1.564670635,1.226551361,0.755224348,0.370774995
2000,Bihor,0.449190292,0.213477456,0.170859477,0.78059327,0.231113479,0.63328293,0.144262965,1.189193422,0.769198651,0.82429033,1.110342978,0.895032417,0.556199853,0.641661009,0.087021532,-1.82233711,0.347974967,-0.869089176
2000,Arges,0.917068578,0.757452438,1.077024216,0.186177553,1.250919086,0.253749568,0.620624925,-0.190999771,0.58311617,0.399838789,0.546383346,-0.167481861,-0.611490416,-1.368823391,-1.999576923,-2.449223158,-1.790743542,
2000,Valcea,-0.076265417,-0.038369996,-0.706974774,-0.906509591,-0.610139874,-0.645665077,-0.588699586,-1.016006319,0.55326441,0.480609795,-0.886858661,-0.348285124,0.0380855,0.800664552,0.738448419,2.194515347,1.552204831,0.116855843
2000,Dolj,0.577936698,0.213287531,-1.111702249,0.284132551,-0.571647897,0.362974807,-1.812671301,0.057259057,-0.088653418,0.127661135,1.566607931,2.008412002,-1.046598213,-0.650087159,0.494658902,1.076468939,0.037137771,-0.156785218
2000,Covasna,0.757048341,0.278349715,0.449841338,-0.172154227,0.711646955,0.111782732,-0.010283951,-0.485799872,0.262872369,0.231604899,-0.425557472,0.069061461,-0.13031881,0.254323028,0.56541097,-0.440049732,-0.142910649,
2000,Mehedinti,0.34552132,0.275041807,-0.245886917,0.208707737,-0.136295935,0.403709239,-0.30330673,-0.082530537,0.316825907,0.154854098,-0.274974115,-0.716659221,0.401679577,-0.718517133,-0.293187895,-0.604529651,-0.313428126,-0.53959729
2000,Harghita,0.09341715,0.471253488,1.065683484,0.68400508,0.724817127,0.663538405,1.315615408,0.532447073,0.134589517,0.134565826,0.471579335,-0.032103047,2.036718455,-0.803863042,-2.275211312,-1.89139986,-1.835853611,-1.45907624
2000,Dambovita,-1.413386879,-1.845340008,1.922283882,0.713617206,1.652665717,0.630372988,2.039993135,1.161733094,-0.018048958,0.255950517,-0.228701395,-0.269264992,0.680126352,1.445628652,0.410686151,-0.260971781,-0.222956136,1.269128635
2000,Tulcea,0.503515577,-0.217274368,-1.164454067,-0.639164055,-0.971791662,-0.818306065,-1.316063503,-0.273362424,0.673777588,1.01581549,1.883102017,0.00142123,0.084561493,1.952071332,-0.124851683,0.679586794,-0.628149886,-0.630198242
2000,Ialomita,0.035513074,-0.194631028,1.208646733,0.867220249,1.124425166,0.875229113,1.306165315,0.91216085,0.217833107,0.333057277,-0.211855944,0.023794705,2.26474162,-0.296800875,-0.484211203,0.196741967,0.247957125,
2001,Cluj,0.714806612,0.270846035,1.106524966,0.801988572,1.084871244,0.547864724,0.741872939,1.212680446,0.279924637,0.42419098,0.444166394,0.865359664,-0.742973471,1.053991045,-0.557740884,-0.085100672,0.010084699,-0.460474795
2001,Gorj,-0.02231272,0.196715406,0.024670055,-0.330232151,-0.032341986,-0.224332001,0.420255655,-0.155699942,0.71308329,0.646218137,-0.595492531,-0.32090632,0.896161977,1.357794522,0.412390633,-0.445834452,0.442700586,-0.137232592
2001,Maramures,0.203388359,0.113505582,0.71872568,-0.388021104,0.502140759,-0.57457233,0.902723412,-0.260435947,-0.073542803,-0.316571662,-0.395290924,-0.744158448,-1.148733358,-1.765797509,0.220911694,-0.317282873,-0.647526956,
2001,Bacau,0.217501948,0.096253331,-0.402465515,0.026992687,-0.279515977,0.019091736,-0.436805992,-0.035629204,0.535779802,0.635323482,-0.269108997,-1.145056282,0.045437949,0.341153521,-2.011594935,-2.035559947,-1.526215151,-1.597525075
2001,Dambovita,0.927284316,1.627824881,2.106535567,1.891004865,1.613548728,1.631855398,1.9648514,1.936363807,-0.195864716,-0.404134056,-0.859341487,-0.115945929,0.183349506,-0.576210272,,,,
2001,Constanta,-2.175916935,-2.172110911,-1.911929425,-3.305586398,-2.889089335,-3.70101937,-0.232198379,-2.569668492,-2.063965633,-2.275159096,-3.052842814,-2.551402945,-2.265606113,-2.16771006,-0.086951233,-0.185998837,-0.077375464,
2001,Iasi,0.865325408,0.584855501,-0.468607539,0.11152985,0.085619916,0.232882818,-1.178870389,0.088890025,-0.235208982,0.384856025,2.085066831,1.530775565,-0.38124574,0.397326933,-0.087345424,0.294014015,-0.165723367,0.143028158
2001,Sibiu,-0.419858441,0.25824519,0.769766082,0.259811188,0.313492356,0.070317101,1.581181649,0.429856241,0.191636491,-0.158724776,0.209145634,0.031319383,-0.518610364,-1.26981527,-0.348260394,-2.875443834,0.775817247,0.253161042
2001,Vaslui,0.016890024,0.804814091,-0.033069355,1.296750479,0.155122454,1.256154685,-0.243109282,1.284517854,-0.151497865,-0.29680539,0.263590667,0.160511445,1.208203065,-0.291338057,-0.177587312,1.52557463,,0.160835324
2001,Arad,0.196673222,0.278736707,0.440768834,-0.168221593,0.348693478,0.052303482,0.769895573,-0.383640054,0.58832507,0.140070447,-1.257220675,-1.498711777,0.48744409,-0.420829264,-0.229422976,1.345677664,-0.119597554,-0.252135164
2001,Galati,-1.06260871,-0.379276451,-2.156382574,-1.622698064,-1.850292086,-1.454337879,-1.900235042,-1.682935682,0.763282367,0.814717987,-2.038634398,-1.998578054,0.944181751,1.806798594,-0.425138101,0.517504139,-0.233239482,
2001,Alba,-0.111683402,0.250979529,0.427029994,1.24651355,0.044442443,1.02868415,0.270372571,1.315932418,-0.886896028,-0.668244285,1.46717573,0.973448123,-0.409202307,-0.995263138,0.175917106,-0.02196316,-0.297876701,0.472434623
2001,Olt,0.816478898,0.503731101,0.463989932,0.355688862,0.721732313,0.517172287,-0.081307436,0.070924223,0.542083908,0.404140252,0.554361415,0.650991693,-1.012011645,0.309200696,0.147894301,-0.209960753,0.905365482,0.478222288
2001,Satu Mare,0.359511712,-0.232341065,-0.198241844,-0.458094252,-0.193525398,-0.523060132,-0.17595598,-0.162260548,0.60645039,0.668899286,-0.359116266,-0.244734882,1.311730497,2.365856237,1.562826947,-0.53152789,1.085467848,0.57006173
2001,Salaj,-0.713566334,-0.085772083,-0.858431838,0.001754357,-1.07083374,-0.285738593,-0.083183866,0.510714313,0.851915435,0.912695031,0.250561384,0.21111677,1.905425928,1.331614891,-1.721030005,-0.371369753,-1.002492279,-0.001275927
2001,Ialomita,0.731286919,0.354204058,0.088517828,1.334471633,0.531089076,1.343753598,-0.733103731,1.160794841,-0.401709358,-0.388736284,-0.464117907,-0.273728571,-0.124224305,-0.551903431,0.311485635,-0.050447355,-0.61064104,0.891895219
2001,Braila,-1.040658371,-0.913550066,-1.026329739,-1.704606453,-1.603388768,-1.956741871,-0.05061308,-1.311202095,-1.336347017,-1.274894548,-1.523295795,-0.890773486,-1.989148563,-1.801011733,-0.514240867,-1.768480867,-0.264188369,-1.296819729
2001,Bistrita-Nasaud,-0.195440889,-0.126006267,-0.76076876,-0.940876593,-0.667169833,-0.704263787,-0.691968407,-1.055967875,0.583256186,0.52314464,-0.91317589,-0.340277364,0.168356112,1.224303893,1.343923454,1.648567632,0.90033134,-0.263698113
2001,Tulcea,1.239800551,0.713681184,-0.509360324,0.212589598,-0.264663078,0.24582543,-0.80731509,0.107973478,0.437283349,0.379155268,1.132415154,0.711424683,-1.838358933,-0.451624768,0.248290754,-0.609619915,0.673863926,-0.13128644
2001,Giurgiu,0.299547703,-0.371875381,-0.741120803,-0.806453644,-0.189134547,-0.56015871,-1.372730375,-0.976735332,0.403763111,0.569318693,-0.833525794,0.075817965,-0.84664613,0.732469987,-0.933553563,-0.735828055,-0.365247661,-1.137921838
2001,Dolj,0.28513156,0.457208192,-1.701774202,-1.272656611,-1.516621211,-0.988468632,-1.760500259,-1.681360037,0.630936584,0.661475868,-0.222939803,1.031226307,1.499751169,0.063675079,0.822332863,-0.337282463,-0.397601645,0.90823999
2001,Vrancea,0.245817446,0.451268731,-1.367164017,-0.465788102,-1.197058461,-0.391567792,-1.404247937,-0.643837808,0.842995259,0.710341181,0.703785392,0.499476732,-0.444169008,-0.087302469,1.437268931,-0.935253937,-0.426960892,0.503091874
2001,Valcea,-0.572574833,-0.289553312,-0.296191858,-0.270918767,-0.362485227,-0.261425465,0.119815597,0.164911742,0.795876678,0.690514971,-0.794979615,-0.367839791,2.204379162,1.593494306,0.276158671,-1.550018587,-1.080225737,-0.349155123
2001,Brasov,1.057955594,0.844654898,-0.254194762,0.504899812,0.133927238,0.5608215,-0.784939587,0.152328074,0.355171736,-0.063035466,-0.399244033,0.158842412,-0.456515834,-1.381766487,1.078990085,0.833507184,1.947749093,0.268426924
2001,Botosani,0.807101426,1.431053846,1.565854467,2.232517204,1.490832398,2.014223864,1.441330404,2.130281691,-0.158552169,-0.171647206,0.868135768,1.012124845,1.389107465,-1.618003128,-0.723224245,-0.690846418,-0.586271452,-1.317942051
2001,Covasna,-0.279269364,0.17289183,-0.302014095,-0.483669339,-0.207973825,-0.256819766,-0.289194256,-0.696119837,-0.308473173,0.510894153,-0.560264589,-0.387314993,1.69356979,-0.191621769,0.076213548,-0.82140997,0.121934801,0.066432107
2001,Mehedinti,0.60741954,0.845949305,-1.484888882,0.102912354,-1.14229987,0.170793018,-1.512639543,-0.057682901,0.360841163,0.115089116,-0.624013824,-0.489402026,0.984651993,0.142079565,0.059288793,-0.428686501,-0.103009922,0.683524704
2001,Caras-Severin,-0.23487453,-0.230856441,0.038396477,-0.666775949,0.203293827,-0.41318161,-0.037519357,-0.787527659,0.166200259,0.584676008,0.878420395,1.237744459,2.02331252,1.131800958,-0.098631439,-0.782914227,-0.301553655,-0.01885579
2001,Neamt,0.524877871,0.483393991,1.288389144,1.507512397,1.055872865,1.357236683,1.067450285,1.361222938,0.176684805,-0.120207806,1.14461075,0.509559287,0.024316622,-1.146589412,1.661335089,0.792503093,-0.128755049,
2001,Suceava,0.522788589,0.438189979,1.212502582,1.452966093,1.053095686,1.337864179,0.905519581,1.298828101,0.154129558,-0.114091797,1.225208611,0.467784681,-0.288948542,-1.109212914,0.130865954,-0.443559598,-0.3303305,-0.584777286
2001,Prahova,-0.073779398,0.218861287,-1.204162462,-0.682926385,-0.956314053,-0.501242464,-1.235720943,-0.900788243,0.621647972,0.485528472,-1.135171918,-1.602938805,0.359131365,1.018405111,0.567127378,0.880650655,0.500279583,0.426000218
2001,Mures,0.577422998,-0.055205922,-0.434960279,-0.078341689,-0.485915179,-0.461799236,-0.417289473,0.57257378,0.295424332,0.611003242,1.700344058,-0.087703626,-0.378106782,1.738002302,0.075425738,0.631564016,0.194491906,0.999993834
2001,Buzau,0.46617251,0.156190579,-0.292415995,-0.479156153,0.121993563,-0.270859469,-0.873232383,-0.755717962,0.582934794,0.459149218,0.086803707,-0.035429395,-0.105732797,0.360506258,1.197059579,2.99744942,1.351291554,0.253161042
2001,Arges,0.29782314,0.731537651,-0.825776597,0.305326564,-0.886389878,0.229767837,-0.675725816,0.171537635,0.61957452,0.132376211,0.582098864,1.07820636,-0.633385325,-1.114088689,-0.658334567,1.082220233,-0.605890786,
2001,Teleorman,-0.370305457,-0.494100897,0.572373861,0.49122434,0.345989659,0.240917074,0.888645195,0.797177222,-1.182395744,-1.446925407,0.810957396,0.793162087,0.06225062,-0.311213371,0.475483773,-0.140196308,-0.565853061,-0.551803815
2001,Calarasi,0.336856088,-0.326908209,-0.806942144,-0.4913989,-0.574292072,-0.540111569,-0.995860568,-0.354930694,0.201892026,0.610300204,0.296183442,-1.258816576,-0.005769586,0.65974332,-0.126674753,1.087965421,-0.96497806,-0.234113583
2001,Hunedoara,-4.541177299,-4.91150441,0.860034872,0.479170125,0.578951558,0.218336973,1.098100361,1.154903635,-2.629092668,-2.484554941,0.67211393,0.31738904,-1.33359491,-0.238286433,-1.525469833,-1.324530362,-0.815378605,-1.798908699
2001,Harghita,-0.921503769,-0.081297258,1.24783742,1.122163298,1.041586683,1.039172773,1.344645469,1.194180703,-0.144386949,0.307574051,0.292207566,-0.470759924,1.452024353,-0.096093254,-1.203499421,-0.926672031,-1.055933145,-1.126394269
2001,Ilfov,1.070862415,0.566456704,-0.431334866,-0.739660519,0.066123265,-0.269073622,-1.233166261,-1.704298224,0.495200312,-0.067434243,1.143076896,1.493694579,-1.253231155,-0.726746525,0.428055315,0.943833984,,
2001,Bihor,-0.195009586,-0.557859309,0.850896092,0.766238244,0.899017832,0.814401276,0.845952569,0.679798594,0.214218703,0.274853439,0.30374227,0.53340789,1.906112087,-0.261847062,,,,
2001,Timis,0.080798753,-0.075625942,-1.403018974,-0.919062599,-1.020723413,-0.695870796,-1.519079064,-1.00154299,0.847269175,0.819418386,-1.291697537,-0.838988098,0.554434573,0.39624483,-0.685225603,-1.153958413,-0.945358932,
2002,Botosani,-3.434700313,-4.049689448,2.055747692,1.205092973,1.813511817,0.953539052,1.814611354,1.583809739,-2.462542592,-2.306033273,0.099062444,0.048447276,-0.334911255,0.953666453,-1.230374371,-0.855463902,-0.749099574,-1.194044594
2002,Iasi,-0.846469474,-0.173831791,-1.663447715,-0.804769107,-1.840262233,-1.023882709,-0.823223206,-0.321861663,0.925774398,1.110379437,-0.168344661,0.4025346,1.40002569,2.067126374,-0.271268124,0.952693794,-0.2064708,-0.773962575
2002,Tulcea,0.632855808,0.55562974,-0.015603586,0.257181373,0.323261955,0.449099433,-0.493353334,-0.114636614,0.709556509,0.799082339,0.731342063,0.963919414,-1.018572954,-0.181187235,-0.900475155,-0.750861918,-2.144712643,-0.963238556
2002,Hunedoara,-0.246158101,0.740121956,1.488873769,1.041296361,0.717014685,0.526576032,1.776035152,1.587777799,-3.426226784,-3.392108921,-0.136301991,0.428876447,-0.983740507,-1.293820872,,,,
2002,Satu Mare,0.31576398,0.439016803,0.295108917,0.431077003,0.322015677,0.438988835,0.285536394,0.390819603,0.251275053,0.139244799,-0.428927286,0.353683,-1.004149615,-0.276587313,-0.390494092,0.023207533,-0.718766889,-0.325554675
2002,Salaj,0.517679264,-0.039682455,-0.600030292,-0.179138959,-0.566359955,-0.475666833,-0.614682626,0.363019714,0.560188769,0.951033683,2.101556484,0.250595817,0.493921808,1.568660371,0.576789754,1.393653613,0.893003773,0.60372525
2002,Ialomita,0.091606943,0.541814885,-0.188036373,0.388529528,-0.205879003,0.538945581,-0.360575775,-0.278447645,0.410463608,-0.408091974,-1.180346159,0.139651335,0.328148616,-1.102085371,0.314800368,-1.807441793,-0.029045861,0.065882436
2002,Vrancea,-0.38348548,0.012899129,-1.228775923,-0.772483263,-1.354583874,-0.776391859,-0.91316141,-0.716815039,0.84184917,0.874645091,1.13687093,0.219788836,0.556855406,1.261887458,-0.987248502,-0.171437496,-0.48467474,-0.563023954
2002,Neamt,0.695503326,1.244145201,-0.023529366,1.499825787,0.063334193,1.395746821,-0.282895875,1.235023456,0.25879095,-0.176755433,0.610470078,0.53744722,-0.024676248,-0.775572533,-0.700716861,-0.520690069,,0.472434623
2002,Alba,0.423079881,0.100870236,0.903937593,0.334572624,0.907572586,0.202904378,0.848118112,0.384644316,0.371128692,0.233532766,0.923770535,0.457310419,-1.455181107,-0.182939309,-1.865378871,0.28304381,-1.649417962,-1.258246665
2002,Bistrita-Nasaud,-0.65504957,-0.382477346,-0.293777898,-0.262073843,-0.3594445,-0.287293545,0.059255649,0.155260027,0.788457798,0.668251446,-0.742010608,-0.301572025,2.588430159,1.941408359,-1.374185672,-1.725365223,-0.803880308,-1.138808149
2002,Cluj,0.491788982,0.838648811,1.339671622,1.128626122,1.256506985,1.121355852,1.482866937,0.853225118,0.625831301,0.13442123,1.147456883,0.892335189,-0.23624908,-1.015377452,-0.687691749,1.528076046,0.291327173,-0.567346552
2002,Ilfov,0.037963674,0.245801391,-1.539384956,-1.103524247,-1.19345986,-0.808830227,-1.588469265,-1.306751011,0.789109202,0.836449441,0.914910841,1.238168088,0.612535066,0.903662477,1.781697488,0.004348202,1.754215848,1.078212229
2002,Teleorman,-1.192833733,-0.264875761,0.483070354,0.953903979,-0.058617676,0.617666142,0.81580573,1.27528877,-3.437829844,-3.351552221,0.538213833,0.614636256,-0.784479302,-1.316498412,-1.106318134,0.100322512,-1.299354594,-1.786593201
2002,Arad,0.955902254,0.666368993,0.62663287,0.094103451,0.79806233,0.462161453,0.283025414,-0.626831816,0.230157686,-0.576445612,-0.610067274,0.030068604,-0.18097892,-1.551228354,0.589222196,2.452678347,,
2002,Sibiu,-0.718016539,-0.509257047,0.877450215,0.003010852,0.305158015,-0.316246354,1.676503752,0.621461483,-1.711560927,-1.656769739,0.060200415,0.659355277,0.627235233,-0.615160296,-0.475284788,-1.868273972,-0.412791016,-0.042543524
2002,Suceava,0.617003117,1.193101714,-0.117781232,1.431860767,-0.014972577,1.346617913,-0.377124047,1.170363241,0.279811412,-0.121246908,0.703030177,0.539652363,-0.137799646,-0.833110224,1.295150663,-0.101128298,-0.020018775,1.73283855
2002,Mures,1.332282883,0.796831943,0.021527942,0.713641092,-0.014713291,0.526230155,0.066517654,1.001583051,0.226839512,0.235068472,1.032316542,0.48399007,-1.926562944,-0.539333338,2.418025151,1.347259907,1.836962305,0.809209238
2002,Calarasi,0.731190527,0.547028884,0.515369978,0.785103472,0.669487864,0.882522352,0.012283133,0.411451455,-0.01483988,-0.107206688,-0.045986908,-0.012996605,-1.435300011,-1.199844348,1.577031063,-0.320075937,2.338711795,1.760999584
2002,Galati,0.082338854,-0.686663698,-2.737934102,-1.938546939,-2.238096344,-1.795682915,-2.909261254,-1.908925306,0.726716744,0.935224959,-0.818552755,-1.948674565,0.951469837,2.247123811,0.195633563,0.457067065,-0.304821104,-0.348332543
2002,Braila,-1.449618915,-1.347362463,-0.924208457,-1.548024532,-1.678750571,-1.897176678,0.317497654,-1.010327863,-3.204218888,-3.306966336,-0.639000004,-0.823313811,-1.175907209,-1.574417995,,,,
2002,Maramures,-0.245153273,0.283699578,-0.876273926,-0.249840768,-1.358272009,-0.490065723,-0.058062843,0.056749097,0.08230718,-0.56056121,-0.024277841,0.452068793,-1.0794184,-1.883312023,-0.175738855,0.956002161,-0.259294952,
2002,Covasna,-2.104245421,-1.598278362,-0.024215263,-0.018247684,0.053619093,0.186038538,0.092060071,-0.141166376,-0.193746291,0.455530189,-0.36623062,-1.0513062,1.873291664,0.251456228,-0.632632262,-0.92762259,0.021411065,0.145997262
2002,Harghita,0.627299847,0.707546478,1.01600454,-0.345040444,1.090609034,0.007283222,0.806962772,-1.058588433,0.260673671,-0.098951952,-1.446807849,-1.680954081,-0.621656064,-0.791733463,-2.20950606,-1.575006149,-2.000130498,
2002,Bihor,0.526932772,0.157257396,-0.246367383,1.171411546,0.323518037,1.22248616,-1.131258197,0.916148495,-1.112235761,-1.000147755,0.482307802,0.65822894,-0.702124614,-0.807211261,-0.273892011,0.183643953,0.065182464,-0.130979893
2002,Gorj,0.591388795,1.059936345,0.818123152,1.449123754,0.972945737,1.546126911,0.750909854,1.118619866,-0.002981291,-0.248664389,-0.417617724,-0.012716207,2.104059648,-1.347484606,-0.304871509,-0.601991993,-0.323250693,-0.815623332
2002,Giurgiu,-0.099868909,0.129286434,-0.076655625,-0.335576517,0.124340306,-0.021701755,-0.323227067,-0.813157341,0.454727352,0.473645127,-0.566987842,-0.279561417,0.801223795,0.5085184,-1.614032851,-1.46848718,-1.228399068,-1.8261574
2002,Bacau,0.533178104,0.41078019,0.51783646,0.208245713,0.719574542,0.28874531,0.027294566,-0.028561823,0.564269099,0.228019117,-0.3555249,-0.653879579,0.038854101,-0.021334516,0.168768294,1.793991317,-0.255256679,0.383881831
2002,Caras-Severin,0.856479424,0.715923093,-0.47861012,-0.145281156,0.289816602,0.099746868,-1.381890604,-0.379051298,-0.515268426,0.141501413,1.204033849,0.684400546,-0.353249468,0.562080609,-0.250816991,0.139261184,0.174524851,-0.798521457
2002,Valcea,-0.135478538,-0.326816476,0.381857343,-0.345072109,0.396971621,-0.191154312,0.407281034,-0.34705406,0.354136855,0.652239439,-0.989718827,-0.977851212,0.828096486,1.232548581,-0.464106632,1.853174198,-0.736882486,
2002,Buzau,1.002856807,0.557571876,0.229807691,0.388698822,0.585531423,0.577236109,-0.401514031,-0.150838528,0.531058957,0.298662414,1.2314747,1.729828318,-0.62598108,-0.123328974,0.262703573,-0.671721428,1.050821872,1.788076111
2002,Prahova,0.26928291,0.009522144,-0.890006598,-0.949853352,-0.71319597,-0.702261974,-0.920781211,-1.143650327,0.600062664,0.517776036,-0.494838961,-0.010755084,-0.075094265,0.046069932,0.541621691,1.351667798,1.096122493,-0.958614012
2002,Brasov,0.741247222,0.396019255,0.371505946,0.122560355,0.59473079,0.303446422,-0.024650037,-0.038129216,0.566824252,0.471933801,0.139678319,0.295796582,-1.024680412,0.456201003,0.696609025,-1.270241823,0.018169315,-0.005956475
2002,Dambovita,0.143387065,0.098828605,-0.025115699,0.193907593,-0.09683568,0.112494817,0.137606099,0.393892655,0.484947509,0.545855936,-0.163540149,-1.441398314,0.328821755,0.129650252,-0.191354193,0.73365626,-0.061697611,0.040784874
2002,Arges,0.758654422,0.324142393,0.942576834,0.653636805,0.939850931,0.38725754,0.602339286,1.139812097,0.278734451,0.535742426,1.102081607,1.424160896,-1.081496294,1.001345768,-0.357634301,-0.933716105,-0.140188756,-0.485060014
2002,Timis,0.261790278,-0.270339394,-1.891615102,-1.680020341,-1.882006229,-1.444566252,-2.215162907,-1.695810819,0.612252064,0.944278113,-0.256313949,0.310383061,0.455534352,1.913838235,0.320299746,-0.490362251,0.396882112,0.032497454
2002,Dolj,0.209302813,0.255892187,-0.926862092,-0.141524378,-0.799441192,-0.176640643,-0.910653125,-0.070648837,0.939303978,0.835808947,0.421948039,0.522294466,-0.323815223,0.301727851,-0.040916447,-0.455589815,-0.78404078,
2002,Olt,0.349378237,0.283823259,0.332515239,0.644779006,0.356159939,0.8203378,0.221118425,0.268503361,0.171345963,-0.038738561,0.596401271,0.011402144,0.179732671,-0.636836749,0.038800656,-0.289209818,-1.299432965,-0.355932239
2002,Constanta,-2.292222568,-2.341321532,-1.860319757,-3.743182375,-2.937059305,-4.160073186,-0.095609857,-2.887204821,-3.791931869,-3.780420388,-2.690248135,-2.660337809,-2.082032618,-1.530107785,0.01400356,-0.722162868,-0.359514389,-0.263980088
2002,Vaslui,0.578460608,0.312351117,0.547891418,0.83528966,0.524634406,0.637294096,-0.060646066,0.652434377,0.124855187,0.197472411,-0.384802587,-0.478705862,-0.748657083,-0.526180791,0.018108995,-0.68985557,-0.616084885,0.759750946
2002,Mehedinti,0.571141625,0.368623792,-0.84440062,-0.403414811,-0.514750137,-0.182456413,-1.342634211,-0.757274976,0.361234971,0.354236893,-1.645518685,-2.076454579,-0.968158317,0.017328435,-0.054754094,0.146574289,-0.192717011,0.488370203
2003,Valcea,0.926052124,0.649142633,-0.752695726,0.514329557,-0.319099939,0.725406308,-1.489733967,-0.018184326,-0.116892574,-0.113615096,-1.142737914,-0.745176644,-0.684710444,-0.81588341,-0.4012884,0.737022818,-0.428689918,-0.693896853
2003,Bihor,0.120913221,0.598874173,-0.694682582,-0.053085914,-0.61786097,0.176969362,-0.829070778,-0.663677389,0.529391805,0.066630408,0.123806757,0.564851877,0.745379216,-0.636383345,-2.039978655,-2.357790487,-1.929205466,-1.074040225
2003,Caras-Severin,-0.736783184,-0.192404783,-1.646364724,-0.914194763,-1.4987076,-0.887189666,-1.364143574,-0.974303079,0.742778127,0.892520659,-0.867592037,-1.283296512,1.446446598,1.93934292,-0.231934571,0.506964276,-0.124831977,-0.362893305
2003,Gorj,-1.141599836,-1.564104091,1.715291992,0.425632034,1.426346873,0.386473486,1.903211884,0.868249923,0.241417952,0.574799082,-0.619032596,-0.712277416,0.748749571,1.351721178,-0.717848503,-0.524848516,-0.897345269,-1.281754026
2003,Ialomita,0.433833382,0.462175387,0.537189114,0.59886391,0.421845631,0.450078817,0.551671616,0.769120212,0.707785602,0.52632542,-1.143002855,-0.74368247,0.333913352,0.093579211,0.101675151,0.345288239,-0.400010218,
2003,Alba,1.161923531,0.778743851,1.011297915,0.378378503,0.926576545,0.369686507,0.841411529,0.25637178,0.063875537,-0.216237387,0.709511747,0.840392918,-1.383702122,-0.399720015,-0.509231151,1.611924906,,0.077742177
2003,Calarasi,0.623067671,0.23436955,1.222445706,0.274645106,1.250261326,0.43789115,0.784482183,0.105608594,0.142061773,0.329502234,-0.086374668,0.277557658,-0.897696862,0.315549056,-0.426872381,-1.173991617,-1.062955042,0.8045383
2003,Satu Mare,0.522533084,0.717078419,1.295425162,1.256350988,1.218801647,1.317746397,1.215164791,0.877546675,0.352191706,-0.241203321,0.001108463,0.515418159,0.596427824,-0.938563115,-0.422189136,0.556212829,-0.468255667,-0.380954449
2003,Salaj,1.271333365,0.837997061,-0.082126669,0.777348837,0.015196279,0.650171383,-0.240107978,0.892346169,0.389295683,0.218743965,1.235639863,0.794468707,-1.751567451,-0.997561687,1.477299543,1.234937895,1.909057139,0.486449446
2003,Giurgiu,-0.064521822,0.14300459,-0.589133008,-0.275778273,-0.704179383,-0.271026446,-0.623595529,-0.302291989,0.37286892,0.569590818,-0.944671776,-1.003155449,-0.159963591,0.890340358,-0.290070204,0.179347876,0.141528176,-1.658904586
2003,Vrancea,0.269966078,-0.01695531,-1.080560513,-1.022317665,-0.92432257,-0.883820491,-1.209235922,-1.094613125,0.717950164,0.770593708,0.590405381,1.050109402,-1.100161073,0.609417729,-0.123979368,-0.05842229,0.863830666,-1.150933178
2003,Prahova,-0.172932914,-0.136467657,-0.579078729,-0.201658893,-0.500928325,-0.134099007,-0.326484149,0.149935193,0.81807091,0.728130401,-0.242603296,0.065723826,1.355536751,1.078802539,-1.141891076,-0.771762673,-0.808466122,-0.510803076
2003,Iasi,0.325150566,-0.400701141,-1.548405939,-0.98720338,-1.404695508,-1.14625844,-1.603752805,-0.603501006,0.790632827,1.050113535,1.589878956,-0.158317767,-0.252270057,2.067100548,0.469304429,1.014413857,-0.055990299,0.18585925
2003,Braila,-2.007106585,-1.16778932,-1.530094559,-1.691757419,-2.321515481,-2.233603273,-0.062852607,-0.530366107,-3.984555257,-3.980534409,-0.978696329,-1.036580444,-1.362466151,-0.589867529,-0.577244142,0.996331631,,0.816525474
2003,Mehedinti,-0.115755108,0.133035827,-1.172850345,-0.748686932,-0.973344134,-0.591096356,-1.106561837,-0.803097518,0.585209688,0.514798843,-1.288189139,-1.723283575,0.591450582,1.306262078,-0.732733055,-0.066267697,-0.258114279,-0.460909224
2003,Dolj,0.460102449,-0.064266871,-1.428197779,-1.085666691,-1.255141335,-0.990313934,-1.632302562,-0.974583415,0.628993481,1.018894815,0.878081186,0.941279757,0.679182766,1.695610359,0.505501371,-0.933833481,0.902218142,0.472434623
2003,Tulcea,0.329546776,0.453038276,0.037833369,0.715396463,0.153491985,0.870710245,-0.046411314,0.374253098,0.157597668,-0.085510915,2.28823867,1.859299524,-0.459164701,-0.696576829,,,,
2003,Neamt,0.795630143,0.530090679,0.941860615,1.032630574,1.062678045,0.925853317,0.378109987,0.911339183,-0.273546142,-0.181036713,0.591934286,-0.315040922,-1.605188794,-0.466511788,-0.618985617,1.369144722,-0.514784544,0.293795217
2003,Mures,0.683720441,0.746860022,0.481198185,0.828238419,0.638669852,0.876133879,0.205110877,0.64774545,0.489432264,0.583803458,0.581040252,0.90014946,-1.268272252,-0.775478569,-1.33892939,-1.127272186,-0.516454129,-1.401169999
2003,Suceava,0.739767612,0.537708279,0.890315081,1.035365986,1.020990255,0.940143101,0.343975191,0.928886746,-0.264138321,-0.212391699,0.537560057,-0.305741432,-1.735847186,-0.523951567,-0.157941156,-1.315063853,-0.14482859,2.131347851
2003,Buzau,0.267343055,0.265139533,-0.217911248,-0.278650552,0.085260362,-0.06852617,-0.624721997,-0.543114183,-0.300632134,0.48196829,1.147078124,0.97172462,0.16825839,0.380688438,-0.632048978,-1.190767078,-0.740059309,-0.957322186
2003,Olt,0.489213132,0.839301673,-0.845259685,0.650434505,-0.462100579,0.747606384,-1.057714136,0.485595546,0.070576121,-0.120236264,0.027918153,0.019688318,1.255617322,0.143017856,0.93418927,-0.490857357,0.029099145,1.165228115
2003,Vaslui,0.267233336,0.80005476,0.617515428,1.075957957,0.458038514,0.978901363,0.663932548,0.881308568,0.363371307,-0.048332266,0.593827925,0.054581558,-0.801318724,-1.088544331,0.534217903,0.566747808,0.667033318,
2003,Botosani,0.360147614,1.467248908,2.364154481,2.327437591,1.809714513,2.085983643,2.137214279,2.47273784,-2.673348254,-2.783439671,-0.803265572,-0.071404336,-0.156262854,-1.001502482,,,,
2003,Teleorman,-0.04883278,-0.374324205,1.170552644,0.110328766,0.852774088,-0.253147512,1.513561654,0.539294717,-0.004994237,-0.108325372,0.432615894,0.238562318,-1.825221056,-0.505038945,-0.641191597,0.121362949,-0.401456651,-0.357393606
2003,Harghita,-0.042303257,0.298385175,-0.220831965,-0.06943285,-0.5046199,-0.053291253,0.155890649,-0.255388067,0.337680958,0.138676114,-0.739863805,-0.629481664,0.695822607,-0.664513767,-0.205128222,0.558399961,-0.383129134,
2003,Maramures,0.132267637,-0.196028606,0.591104898,0.048930465,0.106416189,-0.413187991,1.040543901,0.888741241,-0.328717217,-0.188193602,0.161664321,0.532692276,-0.873655387,-0.09291863,1.391803357,2.136420944,2.499830837,0.806831189
2003,Constanta,-5.603333175,-5.845853613,-1.923671871,-3.458214341,-2.819110154,-3.829145561,-0.282897234,-2.666827881,-4.948420865,-4.923414991,-2.677228399,-2.84569506,-2.182810311,-2.001634482,-0.725368096,-1.087887122,-0.445679071,-0.634714686
2003,Arges,0.167223933,0.713881014,1.032612571,0.872760527,0.931577729,0.875474926,1.325162271,0.667813587,0.716903525,0.336448623,1.097227002,0.71252569,-0.038703402,-0.808828103,-0.638973333,-0.732058838,-0.16462902,-0.829901898
2003,Cluj,-0.09987887,-0.109099098,1.200254158,0.486133098,0.952008758,0.399952473,1.435909331,0.741411008,-0.108269024,0.264781406,0.819556502,0.88781038,2.177251887,0.7762624,1.01286721,-0.820218272,-0.35321937,0.778411392
2003,Dambovita,0.327702512,0.338327793,1.125995806,0.431097146,0.901030794,0.327662347,1.141209123,0.585854423,0.576112862,0.195755071,-0.700663155,-0.620419095,0.320843557,-0.111642934,0.274424293,2.675241998,0.381370826,1.209849336
2003,Galati,0.77628998,0.360030189,-1.394592548,-0.878926218,-0.75784666,-0.496426435,-2.033290445,-1.469240179,0.309381291,0.353411382,-0.227799601,0.432619989,-1.528598156,-0.802466871,3.244244149,-0.452910231,2.06852135,1.965549558
2003,Covasna,0.544675776,0.51538098,-0.26553463,-1.508684572,0.165587388,-0.971740882,-0.702509766,-2.294332008,0.527081296,0.468852325,-2.182454153,-2.567517463,-0.588826583,-0.413221349,-0.407157931,-0.410989668,-0.365936246,0.190511448
2003,Sibiu,0.130536779,0.051407881,0.639518272,0.499277286,0.636099419,0.25063857,0.725295117,0.888987472,-3.584420573,-3.223219554,1.637494803,0.841028009,-1.696344948,-1.335450228,0.082716957,0.352078668,0.162138254,-0.067731837
2003,Bacau,1.226073508,0.852938478,1.018167777,1.150753838,1.213453771,1.215825085,0.3980277,0.682608839,0.329556017,-0.035952059,1.206622509,1.578108467,-0.609990829,-0.277681008,0.048956876,-1.005345149,0.393523046,3.103717598
2003,Brasov,0.366457143,0.287190383,0.178483119,0.52530957,0.211567206,0.709594714,0.125487583,0.190536646,0.230448669,0.009705792,0.239378876,-0.260369863,0.251240459,-0.690075005,0.331353826,0.259344896,-1.160075125,
2003,Timis,0.181890299,-0.07422578,-1.267852526,-0.978181016,-0.632708912,-0.655441495,-1.796111359,-1.325752859,0.294792191,0.437504883,-0.225155431,0.540795652,-1.010903108,0.293358478,-0.889802986,-0.849528133,-0.435015851,-1.125650673
2003,Bistrita-Nasaud,-0.214442923,-0.333559949,0.370499812,-0.37714243,0.377121924,-0.207935985,0.34229222,-0.467200183,0.422362501,0.677050747,-0.993912645,-0.964496743,0.568415285,1.208464122,-0.815745797,1.397854045,-0.757655244,
2003,Ilfov,0.146416279,0.444222751,-0.583107393,0.512345243,-0.017379564,0.900585903,-0.986407722,-0.400502089,0.30473113,0.384274707,0.95460725,1.206562685,1.626461508,-1.056671016,-0.193464794,-0.242756772,-0.376801064,-0.602997614
2003,Hunedoara,-0.077483853,-0.09924458,-0.12933804,0.227606404,-0.511810939,-0.212682341,0.53869822,0.759902761,-0.047491947,-0.06927527,0.505162532,-0.116219303,-0.977576126,-1.078971471,-0.359942783,0.619012283,-0.380461936,-0.604152149
2003,Arad,-0.268356367,0.08445136,-0.27726992,-0.582523802,-0.3164596,-0.418876193,0.179553807,-0.453940263,0.803095954,0.697034863,-0.833144878,-0.692247966,1.375006406,1.5120093,-0.409941348,-1.14213879,0.290574732,-0.257720071
2004,Bihor,0.446197804,0.584658809,0.233235309,0.655539493,0.240962452,0.486380823,0.184236177,0.805586767,0.847822464,0.617592692,0.104249613,0.027652561,0.010894751,0.28448442,-0.670974023,-0.350522909,-1.218137847,
2004,Braila,-1.487975467,-1.255122497,-1.462990031,-1.942884068,-2.052920371,-2.28086351,-0.313759074,-1.30259396,-1.486185063,-1.370663269,-1.254871079,-1.322522487,-1.227053218,-1.735510215,-2.0184563,0.781238288,-1.998734044,-1.130173097
2004,Timis,0.072386954,-0.084080293,-0.430655772,-0.438887829,-0.047206913,-0.045465922,-0.786011284,-1.053723119,0.376473174,0.265919318,-0.061215095,0.300436878,0.780159042,0.478494795,-0.50121789,-1.07891157,-1.346966759,-0.517910892
2004,Arad,0.512115796,0.800064478,0.522992909,1.045268366,0.760876943,1.234145665,0.372161333,0.604114554,0.076623099,-0.080121068,-0.600645906,-0.084355259,1.78018287,-1.083766297,0.134394507,-0.288465456,-0.370246529,-0.239923302
2004,Bacau,0.530529547,0.463823208,0.713209116,0.424795342,0.847754345,0.474710778,0.413203157,0.312787717,-0.103944152,0.322442606,1.224017302,1.048608919,0.27525824,0.195170024,0.129739845,-0.852122607,-0.848478424,-0.367232671
2004,Dambovita,1.248221808,0.898044071,1.581171981,1.361571091,1.511476788,1.345328754,1.306013505,1.173349093,0.122592196,-0.276127458,0.26008791,0.736092101,0.124579834,-0.151353671,,,,
2004,Gorj,0.967808053,1.503330262,1.86596794,1.405931519,1.406285772,1.125928834,1.76446763,1.503344934,0.112103716,0.078755714,-1.244668554,-0.710169046,0.176119699,-0.136495555,,,,
2004,Bistrita-Nasaud,0.822997986,0.595464809,-0.738712845,0.524728208,-0.333137929,0.736721097,-1.487153735,-0.041770101,-0.106836766,-0.077879212,-1.140870253,-0.663443202,-0.930254474,-0.855637188,0.290014434,0.512031403,0.118639682,0.1704351
2004,Constanta,-2.328065452,-2.361227163,-2.051638144,-4.129548339,-2.834500158,-4.368734835,-0.595950774,-3.579093491,-2.042401589,-2.112963189,-3.080540696,-3.153707036,-2.175493728,-2.212534328,0.335684188,0.519838752,0.180561129,-0.134784524
2004,Calarasi,0.34760081,0.290566404,0.641257733,0.983765432,0.689303953,1.030142879,0.237715928,0.722491024,0.186819147,0.015708882,0.647564788,-0.171546074,-0.315200331,-0.975411156,-0.07404598,0.298933758,-0.692831625,-0.189382601
2004,Harghita,0.336968837,-0.15624969,1.547123843,0.594389613,1.375806045,0.338434288,1.487144558,1.089493124,0.069846752,0.358191413,0.106927914,-0.026712779,-0.956516405,0.751184861,2.968203578,1.972236484,3.340531278,0.837890592
2004,Prahova,-0.086363738,-0.509671561,0.122024637,-0.230020133,0.267632131,-0.047769195,0.146432363,-0.257986837,0.249490058,0.5133694,-0.732692593,-0.610406662,2.100519088,0.759721086,-0.4719254,0.875684307,-0.406649805,
2004,Hunedoara,0.201660149,0.146372102,0.575237586,0.340109347,0.190971404,-0.016318354,1.073205887,0.901627831,-0.144626559,-0.3744586,0.5411806,0.702522591,-0.603128397,-0.967669273,1.2686891,3.199528406,1.458164316,0.151862824
2004,Botosani,0.29148405,0.232927035,0.488898709,0.778508219,0.394761267,0.523470351,0.590223296,1.083267402,0.484117346,0.337685452,0.422804055,-0.486717728,-0.195961313,-0.114734779,-0.193634167,-0.06011544,0.065161688,0.02297786
2004,Buzau,-3.402787508,-3.458455724,-0.204671032,-0.008104911,0.1374178,0.253536428,-0.421402839,-0.316501113,-0.31678384,0.050217629,1.305516062,0.51874346,1.069978069,0.469459253,-0.162652413,-0.859037258,-0.498636517,1.141023963
2004,Vaslui,0.738643682,0.366316777,0.573728893,0.272625135,0.547870816,0.245500735,0.236123735,0.261536776,0.39158745,0.386249117,1.023682774,1.043323229,0.053994404,0.10528626,-0.028900846,2.147858471,0.830471567,1.788076111
2004,Galati,0.341763217,0.060009008,-0.866215295,-1.09101629,-0.385304146,-0.666505766,-1.462747739,-1.563072941,0.593519982,0.80922182,-0.361809172,0.23880987,-0.614828198,0.477099139,-1.270873101,-0.647287361,-1.349121494,-1.657280886
2004,Ialomita,0.661343498,-0.059983221,-0.132409934,-0.356697656,-0.081218078,-0.420272247,-0.250651944,-0.129764446,0.528379047,0.710974597,0.964163064,0.623607485,1.044080102,2.911340639,0.042416485,-1.43739348,-0.01666614,-0.466645166
2004,Salaj,0.797552733,0.723662918,0.496233616,0.777822366,0.654995987,0.798132586,0.232442675,0.610129643,0.592328445,0.630454735,0.762772742,1.069149061,-1.054984798,-0.482779129,-2.304706926,-1.808088669,-1.484959957,-1.572747116
2004,Cluj,0.781555679,0.578828112,0.982623665,1.074661913,1.395323678,1.096245211,0.316735367,0.991027892,-2.127979801,-1.562382911,1.069050728,0.642231806,-0.508641015,-0.479542586,-0.005808872,0.051377297,-0.669351554,-0.095529163
2004,Maramures,-0.145778247,0.361108355,0.915184823,0.240250967,0.424558708,-0.022062953,1.734582678,0.495303051,0.051263766,-0.373295757,-0.070243807,-0.280471046,-0.781902792,-1.496969838,0.293953807,-1.111097083,-0.54399628,0.123057703
2004,Mures,0.361741771,0.567486667,0.620612952,1.265200913,0.562167791,1.23249627,0.693712635,1.153848824,-0.269602191,-0.549985975,2.064298756,1.696429949,-0.62947295,-1.028114187,-0.46733578,-0.893759184,-1.978644784,
2004,Sibiu,-1.197638985,-0.516924661,-0.950374252,-0.433643423,-1.485652171,-0.872631358,0.21813055,0.339491621,0.222504665,0.216492392,-0.062592202,-0.225819261,1.217681366,0.279489031,-0.679052143,0.100830831,-0.210376679,0.198342647
2004,Valcea,0.204352753,0.148012231,-0.928942851,-1.136436417,-0.75025744,-0.844201295,-1.088468189,-1.50956821,0.501442549,0.296104473,-2.034114087,-0.236395282,0.098314822,0.270978844,0.028678529,-1.166633396,0.004980231,1.198539582
2004,Teleorman,0.774157657,0.631630704,0.982459684,0.399639086,0.685573683,0.216978803,1.296831266,0.36796181,-0.122614943,-0.706833281,0.132101301,0.763411436,-1.484016511,-1.848267119,-0.144714895,0.950512286,,-0.711642715
2004,Dolj,0.192247471,0.129041001,-1.078880237,-0.424560042,-0.59348849,-0.200089283,-1.484476695,-0.688550778,0.247360708,0.38337221,0.698292969,1.183502436,-0.908853154,0.445868394,-0.295564336,0.017352292,-0.351657696,-0.520016672
2004,Alba,0.27697255,0.596074041,-0.506183403,0.138381043,-0.513843068,0.066502329,-0.265653419,0.345596401,0.588666348,0.675968773,0.443828384,0.553735943,1.02327836,0.521621331,0.039864716,-1.270051457,0.687386802,-0.084176655
2004,Ilfov,-3.05155384,-3.62696617,0.112027127,-0.423734117,0.482500724,-0.23608201,-0.502391707,-0.342380268,0.054010045,0.54830928,0.821081815,0.572735083,-0.460184008,2.366425937,-0.456388883,-0.479855996,-0.465669465,-0.18538612
2004,Iasi,1.049969368,0.513173017,-0.746861601,-0.232042158,-0.592213247,-0.214812412,-0.935482513,-0.332935973,0.403374062,0.548260984,0.91267032,0.637921121,-1.846416516,0.069978839,2.463649034,-0.601247264,2.194119897,1.228336609
2004,Tulcea,0.544901215,0.687242681,-1.085315095,0.347020243,-0.824778976,0.282821758,-1.125019734,0.601335565,-0.041775345,-0.203240594,1.790204127,1.774099735,0.029599465,1.091101351,0.038860381,0.753400628,0.259528644,0.066411938
2004,Arges,-0.211956881,-0.117041289,1.041688588,0.391361166,0.82310759,0.284735897,1.318347199,0.699399263,-0.281234429,-0.041313147,0.841518894,1.282478057,1.713815196,0.373521835,,,,
2004,Mehedinti,0.132519726,0.000292702,-0.764150281,-0.898105666,-0.660682376,-0.654769321,-0.638234625,-1.004966242,0.574925399,0.480439516,-0.787599698,-0.291814896,-0.012344825,0.210451554,0.270833178,1.380329315,0.486381526,-0.133500645
2004,Satu Mare,-0.456138846,0.4627995,0.596380712,0.949238464,0.177609201,0.724374204,0.817181454,1.094824036,0.46478688,0.377973234,-0.610020639,-0.837260605,0.361793878,0.586295945,-1.027661502,-0.072737027,-0.84142938,
2004,Olt,0.660086867,0.326798904,-0.20954697,0.178928869,0.000285661,0.212291261,-0.919091763,-0.245015936,0.243765554,0.363939226,-0.997809049,-1.075561302,-0.960180888,-0.225820282,-0.348468279,-0.580764478,-0.261198613,-0.817996967
2004,Suceava,0.133793065,0.261288949,0.344037914,0.464605271,0.224737941,0.362379336,0.373622463,0.634178721,0.192160179,0.204142047,0.481971874,-0.235596604,0.332911704,0.248538088,-0.184886649,1.436270188,1.164166047,-0.330217242
2004,Vrancea,-0.25778382,-0.266396657,-0.63170432,0.052327995,-0.572065277,-0.100886453,-0.564172759,0.562647166,0.852905784,0.849558313,0.755464926,1.069962286,0.892886287,1.531579145,0.236866498,-0.909688648,-0.330452048,-0.057403381
2004,Brasov,0.576031289,0.863754209,-1.026229377,0.523083866,-0.655664738,0.609609696,-1.178874743,0.346922186,0.157910297,-0.071063728,-0.206231335,-0.166049009,1.207563349,0.096146277,-0.714286907,1.37474751,,-0.556464488
2004,Neamt,0.212609235,0.340924757,0.397121465,0.584483275,0.296265048,0.474983635,0.355883047,0.698125479,0.212761122,0.172602324,0.449488637,-0.242165864,0.173525185,0.16068679,0.048787798,0.24271088,0.336216685,1.130255367
2004,Covasna,-0.041886322,-0.058664494,-1.539347016,-1.291059936,-1.227099392,-1.064672878,-1.623198205,-1.624367479,0.471319898,0.554384137,-2.619970684,-1.916454088,0.016177402,-0.137816227,0.346046612,0.239560563,0.111845842,
2004,Giurgiu,-0.225678847,0.063604744,-0.562940559,-0.878127315,-0.474115507,-0.514234355,-0.284284641,-1.355711578,0.776215225,0.441189056,-1.234146021,-1.326171324,1.385838712,-0.437232863,-1.134535058,-0.038959389,-0.51465163,0.971431219
2004,Caras-Severin,0.42089107,-0.291786328,-1.857435767,-1.161969166,-1.411857325,-1.108964702,-2.215413611,-1.128392218,0.58821132,0.961806845,0.512880301,-0.948476697,1.147365785,1.65943813,-0.60245914,-0.559080141,-0.763013803,-1.417969433
2005,Salaj,0.344209986,0.39244833,0.558322356,1.071236572,0.483709802,1.033640119,0.63876446,0.967153004,-0.366650016,-0.578229978,2.104719212,1.616660715,-0.394917551,-0.674033911,0.895436715,0.893342501,-1.323717731,
2005,Cluj,-0.625640266,0.007286346,-0.481631849,0.218475778,-0.772662292,-0.100868517,0.036653983,0.487074757,0.77820855,0.7668278,-0.112608228,-0.769743226,1.601351013,0.981437477,-0.156884498,-0.067058145,-0.124347034,1.13902631
2005,Iasi,0.37749402,0.367216408,-0.372233209,-0.170246337,-0.113997249,0.014723489,-0.776494916,-0.467578393,0.733953268,0.904138572,0.507717489,0.761969191,-0.977265691,-0.061057375,-0.310899113,-0.013474395,-0.796560279,-0.826709792
2005,Bihor,0.746319412,0.079841876,-0.393805437,-0.395896552,-0.206080078,-0.418945816,-0.615727872,-0.20642003,0.640658614,0.888662,1.34035752,0.984541108,0.572625318,2.424994693,0.090867457,-1.500069468,0.741606511,-0.333732939
2005,Dolj,0.086097481,-0.274319707,-0.182883162,-0.078450061,0.120949399,0.222699452,-0.450436323,-0.554444341,0.295661507,0.168540762,1.925854719,2.089412163,0.520663002,0.076512196,-0.549987351,0.093303528,-0.859499724,-1.351226844
2005,Olt,0.149402013,0.543459239,-0.229747022,0.272087023,-0.107397496,0.34805067,-0.336004354,-0.044064768,0.509641836,0.228521272,-0.245198227,-0.822652865,-0.283632334,-0.13107592,0.897154687,1.266888496,1.410037607,0.771444052
2005,Timis,-0.260496337,0.172191009,-1.01429041,-0.444424259,-0.993927632,-0.320333407,-1.282866915,-0.750687491,0.240797798,0.390563998,-0.371378919,-0.331357671,-0.296997915,0.767220178,-0.759157865,-0.609000844,-0.885901259,
2005,Vrancea,-0.300588943,-0.898112173,0.068905468,-0.125347253,0.214738086,0.011449831,0.079126135,-0.264398553,0.371209083,0.515692912,0.485725294,1.455864923,0.745495767,0.202084736,-0.492289118,1.333195934,-0.233179498,
2005,Buzau,0.836126686,0.700615974,-0.079622895,-0.966232027,0.377267245,-0.54666018,-0.787189669,-1.875427104,0.620656654,0.511225033,-0.425128493,-1.016867945,-0.320863924,-0.981526488,0.214795441,-0.638673713,-0.444394979,0.209306326
2005,Teleorman,0.175583118,0.538973382,0.149359933,0.069846845,-0.225501243,-0.254962423,0.816565223,0.660610172,0.276551658,0.049190835,0.274998779,0.556919401,0.207152155,-0.914327058,-1.255606328,-1.355739465,-0.508273943,
2005,Harghita,0.330369309,0.389160658,1.24536262,0.605576177,0.975513263,0.616810314,1.451796612,0.472321476,0.591570039,0.199372711,-0.337168119,-0.029663389,0.461534126,-0.188604398,-1.167368577,-0.701204376,-0.436177128,-1.375281481
2005,Braila,-1.941740229,-1.261976131,-1.022734013,-1.850930898,-1.85977258,-2.232507541,0.346630716,-1.261543667,-1.425889035,-1.424277829,-0.748653829,-2.137109129,-1.876125102,-1.446789762,-0.48439402,-0.003920805,-0.029641555,-0.698967099
2005,Ilfov,0.299953209,0.87670788,0.422390525,0.428851802,0.510758711,0.476936153,-0.408356076,0.030062862,-0.261086408,-0.071686598,0.005091812,0.664173152,-0.303248636,0.122099445,,,,
2005,Hunedoara,0.535758736,0.363701012,1.046175348,1.146331757,0.69591558,0.792461002,1.392017435,1.4492623,0.073846121,-0.190350314,0.180424077,0.768572854,-1.495954267,-1.534870145,,,,
2005,Sibiu,-0.038766944,-0.399374777,-0.585114786,-0.618271711,-0.939523769,-1.096523157,-0.078902881,0.253721959,-0.080379937,0.267692019,1.306527107,-0.232272072,0.041940252,0.943318906,0.534993082,1.111539154,-0.315212872,-0.595210545
2005,Arges,0.883758179,0.697429737,0.787572746,0.981304174,1.214316754,0.962714976,0.215648381,1.019776479,-2.025629524,-1.456053842,1.977790894,1.240354063,-1.021426794,-0.532407898,-0.338212788,0.406447243,0.217497364,-0.190219483
2005,Constanta,-2.682422373,-2.284281088,-2.982744528,-4.03755702,-3.981778426,-4.320368673,-1.14583302,-3.359889925,-1.936592549,-2.292730386,-3.016076781,-2.535633585,-2.005016031,-2.333047244,-0.494225017,-0.960101263,0.098829178,
2005,Satu Mare,0.421440078,0.36024889,1.139744451,0.258882881,0.930212509,0.364003771,1.334162643,0.117168571,0.453342368,0.01226771,-1.006280769,-0.809421184,-0.010752125,-0.308395464,0.195640286,1.186241584,-0.007744626,1.296842643
2005,Vaslui,0.610325842,0.310056623,0.812056604,1.13524361,0.652042834,0.912675112,0.88212091,1.587950552,0.682652858,0.631543569,1.254045057,0.796938299,0.843086186,0.196464275,0.567238186,-1.036315541,-0.520400376,-0.608450911
2005,Mures,0.365525158,0.689410209,-0.47334969,0.867987536,-0.515429009,0.560644721,-0.213522134,1.545691346,-0.994443664,-1.129824052,1.660860935,1.526626679,-0.329726268,0.860863418,-0.419848725,1.112653943,-0.142910649,-0.569482796
2005,Maramures,-0.712016032,-0.628498894,0.835658398,-0.117709566,0.199412488,-0.500961123,1.676136573,0.56362296,-1.34832074,-1.12967898,-0.255643482,0.074748478,0.865787922,-0.192670549,0.310554664,-0.762864703,-0.119285339,0.497330557
2005,Tulcea,0.509976438,0.527149324,-0.702947133,0.105098262,-0.479625101,0.106062492,-0.862119639,-0.056231454,0.600417423,0.623858893,0.838009437,0.790912928,-0.493566116,-0.39279295,-2.15082478,-0.437990298,-1.859763454,-1.852961705
2005,Alba,0.165923841,0.541809972,0.998801695,1.69725283,1.100097061,1.708162984,0.937079922,1.470940127,-0.459180989,-0.275786639,0.766503691,0.9007204,0.290960241,-0.770737093,0.24167306,-0.141498965,-1.115763003,-0.15959334
2005,Brasov,0.679881927,0.321442235,-0.426057206,-0.036703659,-0.172160055,0.067576843,-1.08825468,-0.445436132,0.26414447,0.360524922,-1.391452754,-1.561122002,-1.006288356,-0.124281572,-0.427243489,-0.156756912,-0.89944401,1.741467233
2005,Caras-Severin,1.118273793,0.723954407,-0.919241402,-0.064950923,-0.328814386,0.16212744,-1.694793443,-0.665178231,0.405669167,0.10769435,0.74660675,0.943586398,-1.349079004,-1.011159512,-1.180956176,0.348235857,-0.107578412,0.336838027
2005,Giurgiu,0.575806516,0.073925706,-0.413335078,-1.092982076,-0.025684365,-0.556352652,-0.825217861,-1.680035212,0.437727073,0.133472133,-0.558050429,0.09978908,0.360419764,-0.357446164,0.543034864,3.431489174,,0.472434623
2005,Bistrita-Nasaud,0.088188596,-0.09765976,-0.884009979,-1.248630515,-0.693506373,-0.9695984,-1.146052187,-1.596029386,0.554668593,0.428697351,-1.736407166,-0.058231625,0.026853635,0.549078983,0.135754232,-0.810830085,-0.16993435,1.045043156
2005,Arad,-1.00957694,-1.438504883,1.568804534,0.241900899,1.287928535,0.249147169,1.733565416,0.643646861,0.254249469,0.645811378,-0.739540468,-0.938338472,0.496463452,1.142933602,0.206113301,0.157626899,0.416387551,-0.511532539
2005,Galati,0.157277192,0.207905488,-1.176807279,-0.546227447,-0.865971247,-0.158435569,-1.289601601,-1.101251311,0.418852172,0.326430599,0.150450091,-0.346531625,0.743464025,-0.394852282,-1.448664712,-1.05009759,-1.314590777,-1.771595241
2005,Covasna,0.399417563,-0.13451691,0.095793993,-0.57031949,0.382028008,-0.431822364,-0.187545294,-0.401086688,0.392026732,0.636836184,-1.502688385,-0.989997161,-0.783821764,0.894496554,1.285513456,1.266078914,1.681833791,0.175170763
2005,Neamt,-0.037399857,0.17743704,0.710876183,0.262689815,0.35270878,0.212959667,1.074419558,0.303572974,0.440128994,0.314616892,0.472496107,0.252027807,0.273654716,0.606635088,-0.25219884,1.921069502,1.046466029,0.403190335
2005,Calarasi,0.445680201,0.869657624,-0.646236901,0.901211992,-0.487705987,0.878782464,-0.812396821,0.718536994,0.391586928,0.149820003,0.23613448,-0.02734898,0.066304775,-0.588385622,-1.697861897,-1.63007238,-1.049623887,-0.680457987
2005,Gorj,0.053517261,0.103160178,-0.39593524,-0.177840977,-0.398667465,-0.151586931,-0.214488642,-0.074493759,0.504614116,0.606895177,-0.918895022,-2.100810654,0.432173251,0.277515175,0.096089816,0.764498051,0.240064414,0.156328548
2005,Mehedinti,-0.35206249,-0.175932259,-0.433830946,-0.227991152,-0.459528815,-0.188972373,-0.011798159,0.199295744,0.813554932,0.731657628,-0.607109266,-0.257541302,1.693903565,1.154516225,-0.336786486,-1.039163905,-0.515998337,-0.797741931
2005,Ialomita,0.312852119,0.538961399,0.068138586,0.44822704,0.221168766,0.477483607,0.015287329,0.453550446,0.139818901,0.16148844,0.407613595,0.894270623,-0.816297321,0.122205096,-0.091417966,0.236705549,-0.178166264,-0.375578325
2005,Valcea,0.020098172,-0.224200199,-0.49916036,-0.505553616,-0.274413585,-0.347259088,-0.465322327,-0.269237678,0.633739034,0.766499293,-1.400791486,-1.165307993,0.744826395,0.620735962,-0.131324316,-0.419132069,-0.165063387,
2005,Prahova,0.848830353,0.395070013,-1.045966137,0.323001273,-0.44836528,0.518222083,-1.83233226,-0.096463398,-0.058470899,0.018216963,-0.87061462,-0.613857958,0.089759436,-0.378373227,0.216993853,0.765354982,-0.288088396,-0.032964241
2005,Bacau,-3.065456729,-3.164251191,0.592205296,0.62450796,0.809999624,0.758360081,0.340924683,0.413110607,-0.743666076,-0.478136167,0.707536727,-0.1099529,0.543476008,0.260218015,-0.450516047,0.250578359,-0.389141705,-0.033141183
2005,Dambovita,0.418038629,0.468687741,1.126037098,0.758074592,1.019401292,0.705580259,1.254052436,0.877657076,0.088941213,0.135630105,0.770936992,1.071553103,0.73755255,-0.315925599,,,,
2005,Botosani,0.596957627,0.702387796,1.412067056,1.086052678,1.212676972,0.936275473,1.218148155,1.020302683,0.51060143,-0.113182063,0.122896028,0.058095568,-0.087807498,-1.022606711,2.101325056,2.732006882,1.148777648,0.165796923
2005,Suceava,-0.060436283,0.195997676,0.6460335,0.204598922,0.317417981,0.196473085,0.973166819,0.207243897,0.435875609,0.296662255,0.451354855,0.403145373,0.225036786,0.68807489,1.037015389,0.46185757,1.339981082,0.91343177
2006,Giurgiu,-0.689558833,-0.081600716,-1.400121807,-1.175405872,-1.274234186,-0.902323052,-1.11439622,-1.242846693,0.730873024,0.781252449,-1.054523544,-0.603637344,2.141296193,1.593931844,-0.330141295,-1.38061117,-0.551298324,
2006,Covasna,-0.373738717,0.07324472,-0.366104219,-0.650565453,-0.387147463,-0.410037321,-0.010441766,-0.822978074,0.72191409,0.65572211,-0.640529021,-0.530685956,0.996718513,1.019629205,-0.592835206,-1.080261281,-0.242057297,-0.840216769
2006,Sibiu,0.698346061,0.343461597,-0.296242298,0.257333677,-0.606919595,-0.105555658,0.190119487,0.827561074,-0.185667525,-0.312454835,0.616750205,0.249140013,-1.938818723,-1.438106037,1.542452462,2.702172671,1.430634374,1.456654973
2006,Bihor,0.320776013,0.527975702,-0.319418864,0.327188027,-0.009641647,0.396704073,-0.581030678,0.196499583,0.031755507,0.122051201,0.904046508,1.030562269,-0.629624683,0.163520949,-0.105561478,0.073137591,-1.286890299,-0.935532582
2006,Alba,-3.417636266,-3.840491964,0.957256226,0.802612403,1.043632514,0.715397493,0.48572659,1.21281212,-0.211058689,0.149846772,1.149902665,0.816606472,-1.002967181,1.076732674,0.196925131,0.27749811,-0.226314895,1.133889736
2006,Calarasi,0.419025909,0.457597716,0.282701256,0.623741516,0.457334017,0.659933244,-0.175272168,0.463843629,0.016882763,-0.00353296,-0.094477171,-0.794940044,-1.345726227,-0.388793478,-1.089523667,-0.061697831,-0.323162071,-0.154061323
2006,Timis,0.103256845,-0.100155482,-0.727079859,-1.142343721,-0.474130111,-0.760338171,-0.683512856,-1.647572189,0.739301484,0.443975999,-0.936776762,-1.184638453,0.347181993,-0.081763317,0.103576765,0.908019968,0.042607129,1.34163267
2006,Maramures,0.115124655,-0.284334229,0.73325266,0.39010973,0.6261279,0.094398279,0.870986383,0.773605574,-4.00385256,-3.691663042,0.511657638,0.008264421,-1.43845053,-1.353634032,-1.391809956,-0.243161204,-0.840284892,-0.661617249
2006,Teleorman,0.153214536,0.775642156,1.013174902,1.319615777,0.699715812,0.920998648,1.49328943,1.726404425,-1.506684804,-1.465748294,0.200174493,0.359772054,0.723846561,-1.617147738,,,,
2006,Arad,0.813649782,1.177066701,1.744314858,0.919890096,1.335614429,0.658991073,1.625305578,1.07184333,0.173636036,0.350769622,-1.298970826,-0.973249029,0.055332937,0.334616006,,,,
2006,Bacau,0.826458923,0.709912158,0.756090659,-0.167234172,0.99305057,0.043491279,0.089522659,-0.925714422,0.46754524,0.166610071,-0.631036812,-1.193422446,-0.377290486,-1.21039261,-0.048617256,-0.629209471,0.42529559,
2006,Constanta,-2.38895774,-2.508462458,-2.045002888,-3.754385121,-3.05642755,-4.193724598,-0.390769091,-2.774564972,-2.268109494,-2.134511488,-2.696168939,-2.414743734,-1.833404206,-1.456472432,-1.526321417,0.144980843,-0.749001641,-0.559168509
2006,Gorj,0.218773715,0.101340416,0.872642129,-0.03709206,0.763997072,-0.052105856,0.924151356,0.161958323,0.525196578,0.362949923,-1.13741487,-1.169247059,0.594041751,0.731490897,1.700996678,2.505595431,1.176615082,-0.309784899
2006,Vaslui,-0.040576735,-0.2416294,1.535610143,1.278350154,1.365004482,1.210313513,1.619555079,1.253762377,0.142525808,0.241987811,0.02576174,0.277460265,2.06546461,-0.7505062,-0.573664755,0.60339987,0.394533637,
2006,Hunedoara,0.200387645,0.126746513,0.823279045,0.272607631,0.331602775,-0.053534042,1.391123392,0.823219944,-1.71902002,-1.578946181,0.639448818,0.487774379,-0.947662111,-0.257814421,0.108868928,-0.727425597,-0.890830479,-0.481574127
2006,Ilfov,0.162435633,-0.046405508,-1.593667648,-0.849472427,-1.286632336,-0.649751523,-1.686919518,-1.248263427,0.603114191,0.844182063,-0.173734018,-0.882911503,0.319287522,0.172142939,-1.587316751,-1.146218884,-0.806434537,-1.048207243
2006,Dambovita,-1.53035196,-1.256560786,1.155769577,1.040502297,1.149648802,1.063820889,1.063951723,1.016655661,-0.388057562,-0.09720574,0.397025089,-0.437687521,0.266380462,-0.086322344,-0.435082659,-0.569029509,-0.496884738,-0.622972838
2006,Buzau,0.201072431,0.426415084,-1.97614839,-0.849760817,-1.573221062,-0.629077551,-2.270883661,-1.453121139,0.448821383,0.344126329,-0.526736777,-0.011183805,-0.405925738,-0.38906754,-0.061882616,-0.448416147,0.191020638,
2006,Brasov,0.123927322,0.448127842,-0.523594184,-0.034384735,-0.35593604,0.059924477,-0.612959118,-0.275416812,0.544419446,0.302050858,-0.762883603,-1.228081369,-0.023789413,0.315155885,-0.475138199,1.052236232,-0.32579219,-0.985720208
2006,Harghita,-0.034509858,0.048943341,1.414615738,0.1064544,1.108930622,0.090529921,1.775369954,0.323509814,0.354583756,0.656011251,-0.063652367,0.272677681,2.57242295,1.411423429,-1.10604168,-1.56407405,-0.660335005,-0.814566826
2006,Mehedinti,-0.066646425,-0.387010536,0.270512389,-0.261139833,0.330676398,-0.115582882,0.364897009,-0.197445764,0.260100618,0.562200481,-0.968023993,-0.873997923,1.769874449,0.999807097,0.903649916,0.45484518,-0.63049242,
2006,Vrancea,0.602600258,0.196917092,-1.10986429,0.219766487,-0.741145045,0.195711618,-1.611473178,0.140576419,0.055123778,0.258342479,1.365429432,1.797489601,-1.166744392,-0.623101731,0.565997664,0.465022728,0.355427799,0.636218564
2006,Ialomita,0.476063901,0.352219547,1.152478039,1.144687683,1.247253264,1.266960789,0.963487519,0.85471818,0.210633402,-0.212195985,0.00566031,0.399125601,0.908025054,-0.349950819,0.847849062,1.861567396,-0.151467717,0.26840466
2006,Bistrita-Nasaud,-0.067765884,-0.315274363,-0.456494951,-0.49460873,-0.25067508,-0.346316884,-0.465066617,-0.260584002,0.618820455,0.77943934,-1.135502969,-0.927454154,0.717854056,0.75128963,1.618863682,0.878318344,2.016512225,
2006,Suceava,-0.412385619,0.00579979,1.089492614,0.70189536,0.600843308,0.439664019,1.727064412,1.237352624,0.688219381,0.734488048,0.430540526,0.369843144,2.294457678,0.932457901,-0.056927397,-0.711685255,-0.545761735,-0.032301799
2006,Braila,-1.145439634,-1.23914474,-1.091445098,-2.380970251,-1.851167355,-2.690099664,0.090488911,-1.64369814,-1.320754587,-1.116641184,-1.144211447,-1.039445377,-1.347495523,-0.690081498,-0.032173934,1.627864407,1.117312784,7.050642059
2006,Iasi,0.198720798,0.495521987,-0.251819085,0.460601384,-0.131419288,0.637435083,-0.287170857,0.088780495,0.408563175,0.14738998,1.946297817,1.553236098,-0.419336728,-0.967763136,0.225648217,0.172287524,-0.713567161,0.479045887
2006,Valcea,0.094883394,-0.34224842,-1.134472174,-1.119928,-1.00300242,-1.014663503,-1.328016652,-0.905100633,0.493145735,0.847377744,-0.890407045,-0.375234276,1.075481953,1.803338693,-0.706918438,-0.360070854,-0.534064715,-1.450030314
2006,Caras-Severin,0.689878126,0.414085214,-0.332121703,-0.233279988,0.15634733,0.075852061,-1.079787253,-0.816372629,0.616345394,0.61878305,0.691741141,0.917287199,-0.888290488,0.365775489,-0.47658855,-0.418276485,-0.687561167,-0.934903089
2006,Mures,0.450898459,0.597043754,-0.152070757,0.676858475,-0.128237561,0.493145502,-0.01302291,0.829965736,0.212122226,0.247796126,0.928547368,0.759185901,-0.365855046,-0.850562791,-0.319890107,-0.862331334,-1.046477399,0.15368571
2006,Salaj,0.27287098,0.830433229,-0.485116554,0.763851426,-0.372247434,0.584328317,-0.363568559,1.240509031,-0.660588705,-0.775947688,1.535789381,1.465799071,-0.011627037,0.865393187,-0.413040623,1.468410837,,0.031694725
2006,Neamt,-0.381116607,0.059494721,1.161527581,0.767230641,0.640840541,0.485608203,1.819531914,1.297133675,0.687670299,0.736532253,0.457392048,0.311225289,2.235692501,0.832970577,-1.416300464,-1.742559847,-0.738935456,-1.489167349
2006,Tulcea,-0.236306538,0.322865367,-0.373378244,0.063307364,-0.472481834,0.033556883,-0.121190501,0.007665423,0.706343082,0.666618789,1.697841154,-0.003796322,-0.070044397,0.121483106,-0.317497115,0.276706846,0.896711621,0.160874181
2006,Cluj,0.519932933,0.118760026,-0.50124319,-0.003319381,-0.400784875,-0.1998928,-0.669083325,0.384534654,0.409600643,0.796746929,1.217772362,-0.226574298,1.32062441,0.691060355,0.833453301,0.68002369,0.217918366,-0.357334468
2006,Olt,0.561114003,0.191789399,-0.185336853,-0.323150723,-0.0834363,-0.208206498,-0.422781024,-0.483200788,0.512584043,0.483826721,0.366141004,0.591530799,0.072798076,-0.023730157,-0.362010898,3.402038608,0.122240882,0.001450541
2006,Satu Mare,1.227984042,0.965237831,1.330637142,0.805776835,1.361936082,1.052514526,0.865555719,-0.04695367,0.167809344,-0.84537363,-0.710255136,-0.017901174,-0.492739245,-1.843325037,2.007568459,2.628956016,,
2006,Galati,0.458173945,0.381452399,-2.281603363,-0.669965487,-1.878747713,-0.562792912,-2.288403984,-0.864416345,0.465469998,0.328972734,-0.090301799,0.047316902,1.057318294,0.746000788,-0.629864897,-0.363591034,0.093664309,0.827392931
2006,Prahova,0.236389892,0.462249796,-1.315859322,-0.953477267,-1.031957914,-0.56871922,-1.514064568,-1.578575364,0.462604011,0.079962408,-1.97696602,-0.418212391,0.485721968,-0.206889522,0.832604841,-1.343944333,0.122937129,2.347287926
2006,Arges,-0.699584891,-0.078457461,-0.782250993,0.024478504,-0.992503232,-0.251588524,-0.111482891,0.443329046,0.845677826,0.873048583,0.17635022,-0.130983717,1.799924273,1.183354017,-0.178841888,0.630996303,-0.393984759,-0.224927258
2006,Botosani,1.33680832,1.172891713,1.752229845,1.995980667,1.693745198,1.831661566,1.314046742,1.738253731,0.248667946,-0.319036396,1.067298762,1.43836766,-0.849223847,-0.773815928,,,,
2006,Dolj,-0.271469389,0.160527988,-0.622454987,0.245274892,-0.687852805,0.312156163,-1.026691421,-0.102519282,-0.037560943,0.1632136,1.645917133,1.384319989,-0.412082352,-0.360601742,-0.405341066,0.550871901,-0.056126855,-0.023626921
2007,Suceava,0.163239829,0.182989457,1.653363205,0.68604512,1.331955166,0.544604397,1.717170919,0.886346827,0.362046125,0.526290844,0.253892672,0.151105534,0.098679688,1.164683446,0.182895786,0.528729488,-0.501426657,
2007,Vaslui,0.431053184,0.100250969,0.384886881,1.657973723,0.75966166,1.578561585,-0.457242496,1.512977169,-1.665435535,-1.637576673,-0.170036183,0.03497486,-0.5631648,-0.850972916,0.706893245,0.651719717,1.023095729,0.669911626
2007,Covasna,-0.184910566,-0.189268079,0.28428255,-0.919571193,0.4790392,-0.563328262,0.261510958,-1.079210242,0.377890804,0.700793459,-0.683563437,0.009671289,0.593383494,1.097918171,-1.488596431,-1.390684748,-0.754306495,-0.160970218
2007,Teleorman,-4.427909011,-4.94807798,1.135754971,0.524851217,0.77757915,0.200820076,1.386280049,1.187264049,-3.185254638,-3.055155889,0.345528795,0.071384866,-1.076367691,-0.054866791,-0.300536768,2.676951477,0.223546646,0.596978998
2007,Hunedoara,-4.501171623,-4.753315051,0.752163823,0.704576949,0.53869207,0.457561865,1.140499095,1.169849026,-2.607733308,-2.619235845,1.126413994,0.592705365,-1.070024002,-1.181955796,-2.230856183,0.021009329,-1.967760829,-2.061720456
2007,Valcea,0.425840875,-0.201522228,-0.187385681,-0.43898007,0.220618525,-0.2353459,-0.707752981,-0.581938621,0.31589597,0.508223622,-0.84619607,0.013024395,-0.920273117,0.51001692,,,,
2007,Harghita,0.901652737,0.785912815,0.802269764,0.428597954,0.918069187,0.266626078,0.248701461,0.789807781,-0.175752853,0.487986017,0.295470389,0.165723693,0.120166264,1.186727189,0.430344064,0.121756841,0.393085313,1.052864691
2007,Olt,0.286740093,0.116035015,0.065049404,0.516763276,0.083233398,0.476523555,0.165596894,0.852875128,0.743615927,0.672723518,0.764218477,0.611735217,1.099458582,0.625490572,-0.804838628,-0.890632704,-0.751936016,-0.691474843
2007,Botosani,0.908591772,0.660958675,1.743341532,1.155682322,1.59144897,0.95430734,1.636066502,1.29999277,0.020013634,0.095638084,1.433473457,1.278996378,0.040357587,-0.163791719,-2.131583528,-1.747273041,-1.852505588,-1.605907921
2007,Iasi,0.4725853,0.284620132,-1.364383999,0.155355689,-1.264506981,-0.008797243,-1.336915647,0.403278746,0.435602663,0.234773817,1.701064755,1.528227224,0.00164335,0.919834045,-0.680811509,-0.667733191,-0.139871969,0.849733587
2007,Neamt,0.153794238,0.193282314,1.721434373,0.741442625,1.363052872,0.566448444,1.831407936,0.977158649,0.34883083,0.533126652,0.143062234,0.157658319,0.572740861,1.109343318,-0.399247502,1.741206241,0.187013182,
2007,Caras-Severin,0.292792222,0.253682989,-0.456208912,0.083246666,-0.22668664,0.403266564,-0.675622574,-0.467969692,0.24346838,0.081581915,1.343684559,0.792127237,0.013433293,-0.434197445,-0.119049271,0.159732426,-0.259676288,-0.754853186
2007,Braila,-1.366493121,-1.362850573,-0.993313812,-1.388552504,-1.720853227,-1.909175223,0.299571522,-0.385280148,-1.279224851,-1.098191861,-1.388675322,-1.123571029,-1.427004219,-0.859217897,0.208048474,-1.091829161,-0.998989178,-0.548405716
2007,Bihor,0.187461209,-0.050946244,0.598096409,0.749899035,0.87598147,0.874432985,0.190019246,0.423554635,0.125997122,-0.177275547,0.812476352,0.921473713,0.821092521,0.308086141,-0.108159631,-0.927344421,-0.824576724,-0.781810261
2007,Sibiu,0.313429325,0.351596684,0.29618121,0.285878549,0.055292554,0.084883457,0.656921595,0.506768386,-0.039206625,-0.003342849,0.01178545,0.541424032,-1.479009302,-1.23552949,-0.214455779,-0.08101349,-0.807170187,-0.740541199
2007,Alba,0.336980336,1.006300093,1.654143758,1.342415379,1.328515693,1.017718879,1.203116966,1.446031747,-1.087085479,-0.865747197,-0.04802419,-0.02961112,-0.549531448,-0.42357131,,,,
2007,Mehedinti,0.988819887,0.555605122,-0.889251411,0.415410017,-0.381075269,0.593035743,-1.601073951,0.021796588,-0.068222188,-0.047171859,-1.134692822,-0.850187131,-0.032766979,-0.501562449,-0.116094447,1.204306536,,1.509662352
2007,Giurgiu,0.083405305,0.055559215,-0.339950336,0.028542832,0.003870336,0.345069713,-0.592086283,-0.481396301,0.407721352,0.485636198,-0.541195091,-0.076298858,0.7581772,-0.209578813,0.102574932,-0.010983815,-0.998111658,0.48222235
2007,Ialomita,-0.610872548,0.279417108,0.485361237,1.170257355,0.31216466,1.094167906,0.45630679,1.113136099,-0.189488572,-0.152690761,-0.287100296,-0.280134115,0.136003745,0.055151,-0.999038951,-0.446918044,0.105580157,-1.281754026
2007,Constanta,-2.660962302,-2.200674053,-1.893173178,-3.740470647,-2.892951213,-4.041295221,-0.05171014,-3.135789329,-1.989915396,-2.224156307,-2.998694127,-3.017564575,-1.710750242,-2.081699842,-0.311172648,-0.574721179,-0.022328253,-0.580732031
2007,Gorj,1.136938979,0.705946779,1.299331702,0.8956983,1.293318441,0.971940058,1.032213398,0.736226479,0.132737791,-0.152501357,-0.347278263,0.127810532,0.400382168,0.008941431,,,,
2007,Bacau,0.2877558,0.687366127,-1.118236577,-0.016707364,-0.989840845,0.04617462,-1.24628872,-0.454779625,0.413356207,0.059296419,-0.330809233,0.017694236,-0.447690817,-0.964574203,0.089104916,-0.19508627,-0.190711724,
2007,Maramures,-1.252102328,-0.528502942,-0.918547263,-0.548060776,-1.521945836,-0.990041199,0.199600269,0.139900851,0.236677958,0.121072645,-0.307435192,-0.741553096,0.918711145,-0.112630355,0.401232726,-0.295994562,-0.37116925,1.052098447
2007,Cluj,1.19424883,0.990870223,0.199129652,1.230245503,0.428605412,1.120933097,-0.383577619,1.010733071,0.308850548,-0.14437982,0.901650217,0.923888214,-1.027623259,-1.5225334,-2.338883296,1.235544919,-0.643371679,1.488137119
2007,Vrancea,0.244666626,0.286468733,-1.685971671,-1.492425708,-1.577546944,-1.284085202,-1.676001547,-1.732484671,0.674121333,0.798451898,-0.252810487,1.183300166,1.343548181,0.378875067,1.058437185,0.761948309,0.500886841,2.115635721
2007,Satu Mare,-0.031381217,0.178479085,0.334444196,-0.11132546,0.18946279,-0.06498109,0.692251195,0.064894216,0.669669333,0.580133973,-0.472525005,-0.406722318,0.928440685,1.342450233,-0.845918257,-0.084633364,-0.904714426,
2007,Prahova,0.180985082,0.071815648,-0.722425209,-0.446987282,-0.478735165,-0.33311189,-0.789555317,-0.433804031,0.793340035,0.746016257,-1.638345025,-1.234567097,0.684441328,0.448975502,1.657150519,1.201253039,1.71665981,
2007,Bistrita-Nasaud,-0.020288564,-0.428098386,-1.154375553,-1.086861687,-0.953041824,-1.004178217,-1.391651645,-0.906586372,0.459392959,0.844866063,-0.790497206,-0.326240242,1.38496378,1.807108068,-0.380143491,-1.065016624,-0.697687673,-0.480027149
2007,Ilfov,0.409686182,0.000156426,-0.599133908,-0.773965102,-0.153780456,-0.538846748,-1.155449724,-0.99816841,0.592445807,0.569110318,0.324091237,0.327773818,-0.180773236,0.535250365,0.379540548,3.044128818,0.75067932,-0.550341464
2007,Mures,-0.246362373,0.41062319,0.343392639,0.611553859,-0.01705772,0.372634717,0.803153399,0.880550545,0.299786663,0.28660387,1.461500469,-0.14891962,-0.411333565,-0.232626157,1.15214588,0.865499695,1.749586777,-0.433896179
2007,Arad,-0.076679792,0.130929376,-0.640293187,-0.43121416,-0.58613387,-0.320230616,-0.480630621,-0.434971193,0.522581594,0.61948294,-1.182206945,-2.341924944,0.418304094,0.369442983,0.389480319,0.988951988,0.659731249,0.63237327
2007,Buzau,0.681626812,0.152985914,-0.128537898,-0.424871495,0.313476193,-0.358660333,-0.890855041,-0.372140934,0.3968864,0.697057172,0.416249708,0.758063507,-1.190008207,1.810696695,1.022914164,2.06565078,2.86321043,0.171987649
2007,Dambovita,0.668500641,0.689829275,1.027448933,0.004855195,1.019424067,0.15220642,0.748928692,-0.615394582,0.334282175,-0.127200523,-1.253399159,-1.611545588,-0.231873115,-1.321708187,-2.294638202,-1.349881373,-2.21727246,
2007,Galati,0.2260099,0.313725311,-1.756704151,-1.054164017,-1.403977199,-0.732590829,-2.146345331,-1.532296265,0.706490548,0.628563684,-1.270585241,-1.541082966,-0.596433762,0.213749367,0.031015469,0.735416353,0.007740381,-0.997988215
2007,Tulcea,0.552082718,0.266170125,-0.350089636,-0.467041484,-0.248996943,-0.373406314,-0.507312462,-0.477567054,0.676889305,0.820093862,0.772428601,0.914489345,-0.830093654,0.46130223,0.41215764,-0.369216783,0.46247995,-0.33695772
2007,Arges,0.48742711,0.006936387,-0.622083001,-0.174540504,-0.559108849,-0.425141126,-0.671230215,0.317381324,0.514139128,0.930696487,1.866895061,0.120996879,1.001961298,1.272071676,-0.180245782,0.178799214,0.123043045,0.321716744
2007,Salaj,0.5134033,0.507107482,-0.164010285,0.502819606,-0.030106519,0.389672029,-0.296334687,0.484625429,0.424677091,0.543439823,0.965619411,0.987526218,-0.465978189,-0.721240455,-0.116307286,-0.042766362,-0.785987763,0.889955552
2007,Calarasi,-0.161700484,-0.030233551,-0.145420843,-0.130506989,-0.214232127,-0.124997689,-0.004154965,0.079191607,0.291604308,0.443361975,0.114808921,-0.627765856,0.99494344,0.912420668,0.640419022,1.257921619,1.126322644,1.373994111
2007,Brasov,0.431349394,0.117624469,-0.372190742,-0.486857875,-0.289486791,-0.343851256,-0.461922306,-0.61142623,0.557013228,0.478768342,-0.130723433,0.243467549,0.069121421,-0.065358157,-1.038276667,-0.577872629,,-1.457172891
2007,Timis,0.902120225,0.402422151,-0.693303163,-1.058809843,-0.173156737,-0.473491641,-1.389263497,-2.006674675,0.463902896,-0.116326734,0.20216808,0.769870582,-0.871504737,-0.980301611,1.272776922,1.309096173,,
2007,Dolj,0.279085044,-0.093428561,-0.141371142,-0.623994087,0.085186272,-0.460394411,-0.285971637,-1.004090794,0.776240386,0.60136062,0.886171865,0.451268688,-0.852300068,-0.055790185,-1.733687862,-1.049804178,-1.306525132,1.427099268
2008,Iasi,0.270171835,0.513336273,-1.066749928,-0.149412858,-0.969768578,-0.158952709,-0.998959309,-0.216655866,0.808975398,0.675383865,0.919233597,0.650078444,-0.369798423,-0.289769817,0.446352458,0.423971247,0.154027129,-0.863763762
2008,Maramures,-0.13922479,-0.348491528,-0.702801546,-0.741993205,-1.044377103,-1.151663759,-0.181171426,0.0795429,-0.164451097,0.193447358,0.848246113,-0.46705244,0.721589469,0.288209738,0.253445179,1.050848946,0.254776031,0.343243375
2008,Alba,0.377812453,0.35962912,-0.306995806,0.564979744,-0.417086742,0.342084938,0.010001715,0.680826877,0.312705337,0.43047728,0.766574554,-0.046686615,-0.291120004,-0.327767038,0.71335073,0.873194967,0.55803805,1.102966561
2008,Bihor,-0.727667459,0.160936004,0.232121886,1.119817752,0.208930488,1.190241701,-0.176726996,0.761728494,-1.054270448,-0.949368836,0.606348362,0.591293242,-0.335292298,-0.633458854,0.068634741,-0.171089854,0.690403819,-0.737955545
2008,Giurgiu,-1.214721912,-1.806670043,0.547605285,-0.369467201,0.662313355,-0.225154044,0.219614787,-0.132222678,0.282915726,0.796999659,-1.32709919,-1.320718095,0.19739839,1.615065517,-1.62059656,-1.72253047,-1.330319114,-0.761150222
2008,Dolj,1.07261439,0.538858654,-0.074519386,-0.564363224,0.236714552,-0.241043708,-0.660808149,-1.203109316,0.555773278,0.143677017,1.133280338,1.382159242,-1.229019439,-0.336810137,0.734485261,1.943227168,,0.801344995
2008,Harghita,-0.677267413,0.090678579,-0.459116131,-0.291903435,-0.693399486,-0.35185221,0.059523854,-0.067272876,0.666896027,0.6593848,-1.060437615,-1.312381539,0.97251338,0.859052578,0.4368334,1.222595859,0.598525547,-0.030432789
2008,Vaslui,-0.029032468,0.539420463,0.129220242,0.742168484,-0.041662563,0.762398759,0.000514581,0.130141628,0.456171195,-0.411240788,-0.353256659,0.502502571,0.427716009,-1.204948193,-0.31252039,0.716986539,0.248766219,0.756030642
2008,Constanta,-2.98363158,-2.811684545,-1.858021254,-3.845193955,-2.954725363,-4.232083192,-0.002545505,-2.976065295,-3.856575014,-3.784927577,-3.118582812,-2.695822347,-1.092960271,-1.510414677,-1.20751261,-2.17553576,-1.126804685,0.437170006
2008,Dambovita,0.17537328,0.700607937,-0.628962645,0.291177594,-0.824501135,0.242272564,-0.396288675,0.069224464,0.402517072,-0.062353552,-1.099390058,-0.435124511,0.059043238,-1.323471504,-0.75970917,-0.866735898,-0.466438087,-1.135708194
2008,Sibiu,-0.181186405,-0.119405207,0.397433715,0.490747014,-0.046642852,0.196722721,1.028329416,0.805720016,-1.746324104,-1.907932775,1.156300967,0.774954155,-0.642449957,-1.076213001,-0.073064357,-0.211576834,-0.026387011,-0.370885335
2008,Prahova,0.374862643,-0.2277865,-1.283157071,-1.251252671,-1.197924999,-1.107563487,-1.49575137,-1.154768014,0.621041593,0.858914216,-0.35576887,0.035235431,0.774254271,2.366921255,-1.180970187,-0.510537158,-0.755101218,-1.846202682
2008,Calarasi,-0.110838078,0.107196436,0.131393415,-0.249474581,-0.019002561,-0.12282907,0.328801839,-0.309435182,0.469740408,0.36695212,-0.18000541,0.13898291,0.123906637,0.979084994,-0.182840782,-0.965456408,-0.206115693,-1.166333786
2008,Suceava,1.215620961,0.988985361,0.724539408,1.78700157,0.980480868,1.772909101,-0.210093467,1.371790723,-0.207881039,-0.546118234,0.068868228,0.452103513,-1.064226596,-1.194774798,0.671577909,1.754773465,,0.42084084
2008,Cluj,0.943816559,0.782804669,0.850619636,0.966639523,0.984568498,0.968088675,0.364650021,0.697049297,0.472155359,0.307210039,0.797631796,0.98517713,-0.971493807,-0.217786119,-0.33592926,-0.371245505,-0.699081409,-1.260361482
2008,Arad,0.132509382,-0.122983714,0.726557343,-0.407538105,0.687596832,-0.346876137,0.805627132,-0.191575192,0.402743346,0.465510736,-1.032720549,-1.274380643,0.697930548,1.385137759,0.49615296,1.574086951,0.77747623,0.320395931
2008,Tulcea,0.122227395,0.061239191,-0.080637137,0.679081744,0.017292522,0.499253731,-0.031206458,1.197233931,0.803032903,0.966348993,0.920291171,1.038103424,0.327520581,1.058968643,0.119974621,-0.347320516,-0.969844267,-0.026564799
2008,Gorj,0.164280739,0.396353384,0.71918282,0.424867725,0.600471402,0.435923838,0.931521916,0.482216354,-0.00525135,0.217796964,-0.040051836,0.178632173,1.324663709,-0.404803221,-0.531689492,-0.789718563,-1.245201032,-0.993280037
2008,Valcea,0.055284657,0.349714509,0.426337084,0.120232395,0.554100826,0.355595995,0.166225544,-0.312086839,0.414132453,0.318049525,-0.444739584,-0.223820776,0.400551924,0.160126641,-0.293255894,-0.535329664,-0.827335041,-0.116863126
2008,Mures,0.615512983,0.446522668,0.274599493,0.02103711,0.167559644,-0.027063026,0.301915388,0.25208032,0.478188666,0.672436638,0.686510054,0.844083632,-0.933774103,0.379584983,-0.632730158,-1.485257526,,-0.053821971
2008,Brasov,0.096731856,0.030561361,-0.095662991,0.294891893,-0.108152652,0.281033229,0.152485657,0.673925067,0.764397882,0.666155896,0.281432951,0.294353909,1.306363995,0.755150452,,,,
2008,Neamt,1.216757427,0.881897878,0.838961814,1.817429778,1.038398953,1.75227295,-0.049028474,1.48699951,-0.166487585,-0.505489861,-0.011324066,0.344735101,-0.982005392,-1.046788193,-0.575683737,-0.835283979,-0.364762291,-0.811330088
2008,Mehedinti,0.27475701,0.433645795,-1.144396266,-0.964523403,-0.919343208,-0.610673461,-1.253463267,-1.4723068,0.4587768,0.08492801,-2.228978248,-0.457404364,0.358264507,-0.147471723,0.226661541,0.246709693,-0.371495687,0.219485967
2008,Vrancea,0.143526796,0.13343553,-1.00155376,-0.226046629,-0.956799848,-0.301195408,-0.907629994,-0.050251922,0.915032995,0.878852862,0.322396968,0.603422061,-0.458956213,0.249061233,0.693468422,0.850601879,3.45458547,
2008,Botosani,-3.245342129,-3.574575111,1.522049342,1.407793441,1.442560507,1.239378368,1.297594223,1.388866025,-2.579529703,-2.482210346,0.643786493,-0.086559484,-0.06730407,-0.241180772,-0.158284349,-1.050053035,-0.473553222,-0.132049303
2008,Ilfov,0.874241144,0.403001367,-0.056006865,0.043931526,0.334156292,0.267036377,-0.645163474,-0.467700704,0.599273853,0.435402393,1.170352533,1.746425588,-0.616353881,0.004716608,,,,
2008,Caras-Severin,0.529616886,0.713927134,-1.602595195,-0.072507577,-1.064303112,0.116738731,-1.873575326,-0.291513784,0.158639399,0.021085097,0.60399086,0.670904835,1.035854417,0.833671189,0.166936762,0.263607895,0.390066179,1.329272191
2008,Satu Mare,0.63409084,1.22344853,1.096633435,1.659912874,1.154708906,1.692433718,0.95587323,1.285332189,-0.036901968,-0.435566203,-0.407122627,0.019376325,2.065979289,-1.442409276,-1.147920463,-0.740622478,-0.886268856,-1.637986398
2008,Ialomita,0.491369829,0.214207108,1.252734617,0.390925094,1.10903441,0.408422439,1.325737785,0.322716226,0.500012777,-0.009506566,-0.828793227,-0.694293872,-0.452840896,-0.060160365,0.410094436,0.494185136,0.614330776,2.168015588
2008,Hunedoara,0.479743174,0.304081205,0.840938101,-0.26026661,0.71981439,-0.395294536,0.941462734,-0.161053364,0.00600911,-0.066397874,0.315925498,-0.205948598,-1.253184002,-1.621235594,-0.237918677,-0.811159468,-0.581108801,
2008,Teleorman,-0.214528777,0.90974909,1.634850608,1.270031452,0.898725484,0.85672094,1.797485461,1.701325943,-3.540694956,-3.546926033,-0.461225432,0.323261605,-0.76307912,-1.320362414,,,,
2008,Salaj,-0.177553023,0.473036943,0.282122382,0.638216426,0.093607534,0.51536395,0.629939343,0.64619388,0.563953527,0.486929119,2.043323267,-0.025557675,-0.664584997,-0.538981522,2.586904401,0.231950964,1.80997691,-0.026804334
2008,Timis,-0.24885293,0.053275225,-1.593637678,-1.420613524,-1.286542113,-1.053464551,-1.508667362,-1.626594196,0.790720179,0.825260705,-0.192001177,0.261023027,0.720936476,1.041669652,-1.055928632,-0.795742589,-1.042861481,
2008,Buzau,-0.168552634,0.340856514,-0.262146654,-0.234731832,-0.068395672,0.074939984,-0.23330694,-0.825515506,0.750341382,0.50091953,1.220823061,0.862551968,0.419227751,0.052659892,-0.304621189,-0.496879185,-0.180335788,-0.409513188
2008,Bacau,0.659661172,0.165061428,0.636566434,0.259752397,0.847540199,0.167175946,0.066389504,0.471354498,0.329733768,0.533439312,-0.076345099,0.318813605,-1.051061571,1.479543827,0.044856096,3.912871389,1.243319891,-0.017483662
2008,Olt,-0.058240712,-0.412425464,0.769640498,0.560035435,0.822113801,0.649262479,0.769441804,0.497862998,0.236364442,0.368534571,-0.216409837,-0.048654031,2.240874805,-0.025156123,1.4173182,0.545059753,1.261097368,
2008,Galati,-0.435906313,-0.15089211,-2.023125519,-1.451805239,-1.808429401,-1.217710661,-1.934203715,-1.626786408,0.732159026,0.783264067,-0.799812743,-1.217758619,1.059179371,1.997913855,0.925190623,1.133570235,1.584674534,0.247149746
2008,Braila,-1.965910526,-2.208760324,-0.477609036,-1.545364844,-1.25474241,-1.896522693,0.774623321,-0.899841075,-3.099707523,-3.177202105,-1.502545601,-0.868303398,-0.472820763,-1.600332465,-0.308432157,1.043908245,-0.293101219,-0.843206864
2008,Covasna,0.854697038,0.38170391,-0.765264504,-0.613330718,-0.177120237,-0.525949679,-1.430753069,-0.377463433,-0.241621627,0.522153172,-0.495778515,-0.923700312,0.162584056,1.413669051,0.272379415,0.538828512,0.484405293,-0.762679593
2008,Arges,1.229457542,0.885134029,-0.048617061,0.897667338,0.110639606,0.784269399,-0.363450727,0.892107718,0.358858427,0.074570008,1.158538634,0.857316384,-1.565779488,-1.260982692,-0.561621416,0.828985178,-0.211217536,0.601286109
2008,Bistrita-Nasaud,0.427998635,-0.379550044,-0.174854972,-0.461652399,0.272459024,-0.286842885,-0.839143076,-0.556408115,0.365351584,0.598821596,-0.724314622,0.099663149,-0.777078104,0.923612603,-0.276910438,0.608232398,-0.549060621,-1.219104432
2009,Tulcea,-0.264842148,-0.81784661,0.611287581,0.495163822,0.751147963,0.572099287,0.596510541,0.431568696,0.22581216,0.234093679,0.971547546,1.731281349,1.188339563,-0.06498067,0.515687228,-0.222401983,-1.382525322,
2009,Bistrita-Nasaud,-0.07485762,0.307552547,0.371832789,-0.001009593,0.471179827,0.238439798,0.124056758,-0.42869051,0.449893254,0.438812202,-0.386536508,-0.282601832,0.510276594,0.441743678,-1.558850143,-1.590941739,-1.478065494,-1.88570479
2009,Ilfov,0.123940528,0.162082901,-0.610582428,-0.583301686,-0.276981529,-0.328721869,-0.999879103,-0.864298609,-0.387761145,0.5586123,1.099994543,0.96428457,0.210108353,0.446738905,-2.145778467,-1.834188167,-2.284782772,-0.554614538
2009,Gorj,-1.473256324,-0.987331871,0.837335912,0.761967639,0.821360784,0.812057799,0.855806187,0.762779695,-0.198334605,0.246062727,-0.097326817,-0.773457151,0.909661903,0.009439551,-0.50078945,-1.475397444,-0.871892442,-1.569078029
2009,Iasi,-0.350049217,0.087363093,-0.836838672,-0.465971344,-1.071975901,-0.558755995,-0.442935675,-0.287168852,0.818726191,0.842548538,1.260285529,0.262855877,0.396036452,1.061826065,2.894401984,1.348975274,2.438825158,0.822816889
2009,Buzau,-0.262078292,-0.238790693,-0.04248115,-0.727770545,0.149910039,-0.466431004,-0.141924789,-0.862880544,0.197355191,0.58869405,0.93908093,1.379695267,1.930480051,1.031167254,-0.632605982,-0.997657436,-0.540474825,0.301111141
2009,Mures,0.206784901,0.195877014,0.491042742,1.30389674,0.415593958,0.961547963,0.692156946,1.981316187,0.532604568,0.778950187,0.75357239,0.829741718,-0.163159447,0.503059725,-0.264954624,-0.329135747,-0.875405981,0.170669052
2009,Hunedoara,-0.180316078,0.254447181,-0.822104872,-0.131849476,-1.325453799,-0.433311855,-0.083030117,0.197427996,0.121968744,-0.360401226,-0.069736458,0.656574095,-1.021033942,-1.516435375,0.346194318,-1.329272525,1.235125456,1.220474197
2009,Suceava,0.445417368,0.517319386,0.635227377,0.28135748,0.452172055,0.386333633,0.604821511,-0.09942231,0.211273928,-0.387855641,-0.864153784,1.29710115,-0.468827137,-0.894196668,-1.619468988,-1.190307048,-1.098103174,-0.569575546
2009,Giurgiu,0.024434202,0.163332606,1.053141192,-0.033448841,0.782348457,-0.231175692,0.856714269,0.184942025,0.241275734,0.588085984,-1.393854599,-0.904492942,0.104095604,1.423279495,,,,
2009,Caras-Severin,0.579975161,0.371327379,-1.053213606,-0.433241595,-0.649731091,-0.241106994,-1.704062799,-1.00011651,0.454751052,0.540569346,-0.368473815,-0.360969234,-0.850596839,-0.014838802,-0.074646014,0.720906945,0.045258187,
2009,Calarasi,-0.512083357,-0.161059427,0.550818256,0.296144025,0.233885079,0.14099582,1.075715436,0.802299032,0.735460371,0.728159509,-0.154986391,0.113259673,2.496311107,1.382438119,,,,
2009,Dambovita,0.403406732,-0.051942634,1.207746916,0.574457172,1.052588582,0.297038403,1.28680549,1.196113722,0.307398209,0.422295231,-0.346832154,0.189964145,-0.746624313,1.049591733,-1.61852462,0.706879096,-0.585409057,-0.336673685
2009,Galati,0.078225927,-0.186598226,-1.663190693,-1.571750465,-1.312891741,-1.224518297,-1.773802253,-1.846796689,0.659986337,0.61345488,-0.418362011,0.268442185,-0.47644992,0.396869236,-0.081353735,-1.647956928,-1.258638488,-0.387681615
2009,Olt,0.647831218,0.26764426,-0.376188449,1.000395655,0.210260083,1.107217444,-1.279545622,0.666016833,-0.384551316,-0.320764874,-0.355794273,-0.179692607,-0.112552461,-0.5680008,-1.289018948,-0.802925239,,-0.928916407
2009,Botosani,0.748750731,0.710186748,1.623231685,0.710105133,1.533680605,0.602840356,1.188667803,0.35752741,0.303485447,-0.153331566,-0.129028621,-0.547789525,-0.599638426,-1.559854528,-0.225245262,0.485982039,-0.176658286,
2009,Braila,-1.332632457,-1.436785513,-1.260773535,-1.316984469,-1.867051346,-1.813530477,-0.135904924,-0.283719486,-4.628312505,-4.56690907,-0.885369779,-0.653709377,-2.202313058,-1.994168952,0.337978771,0.275797861,1.023984551,-0.491565028
2009,Vaslui,0.569968176,0.669036456,0.950201816,1.041880214,0.715420404,0.775403207,1.009736032,1.295630888,0.685846454,0.407618234,-0.38277414,-0.165597175,0.068968573,-0.19520238,0.294799498,-0.524407799,1.3576014,
2009,Salaj,0.678798872,0.380492755,0.22257484,-0.06665931,0.144929699,-0.12399526,0.226101733,0.149771223,0.548865095,0.751829516,0.977600392,0.93377049,-0.614522114,0.348695702,-1.288891767,-0.621041815,-1.800014595,
2009,Harghita,0.52353486,-0.130769023,-0.747141357,-0.404417216,-0.510040149,-0.465655922,-0.973116082,-0.267206176,0.221615492,0.624540794,-0.047918378,-1.153055395,0.378270204,0.919058626,1.392718999,1.178782256,0.838593042,0.141994436
2009,Maramures,0.545195191,0.367095437,-0.335699209,0.300587465,-0.581976464,-0.04553988,-0.03589815,0.731017852,-0.263457246,-0.570988051,0.240272105,0.048570692,-1.645231581,-1.80319695,-0.797810047,-0.145582132,-0.86593606,
2009,Arad,0.998957101,0.531462212,1.120206478,0.509948366,1.201471121,0.679155982,0.759373814,0.314148922,0.100965167,-0.065674424,-0.480380244,-0.053862904,0.340737412,0.156217774,,,,
2009,Valcea,-0.002252489,0.304912553,-0.173361454,0.046577174,-0.324846472,0.03594254,-0.196328573,0.030785073,0.401623311,0.54004439,-0.962654574,-1.139407386,-0.311138246,0.600538999,0.164515113,0.545948072,0.630789535,1.261819516
2009,Brasov,-0.029127048,-0.383153094,0.622729835,0.323303732,0.680534166,0.427206538,0.663139501,0.320400648,0.242328231,0.418477843,-0.483166888,-0.316131191,2.270099755,0.260842349,-0.398920761,0.520888309,-0.189003925,-0.393963429
2009,Covasna,-0.995291948,-0.219039799,-1.516868487,-1.243140361,-1.28203396,-1.082763677,-1.257476904,-1.232261126,0.78127892,0.768920591,-2.376274901,-2.523572976,0.76510229,1.350263715,-0.06536265,-0.142094896,-0.080496187,0.199544399
2009,Neamt,0.458591965,0.571177135,0.662161812,0.38758005,0.466787784,0.49504251,0.61116486,-0.062405836,0.223028765,-0.430383745,-0.861686731,1.246280845,-0.336372015,-0.906945209,1.720533281,0.21406035,1.252012967,1.0349219
2009,Bacau,0.304505596,0.587370897,0.663575793,0.560901194,0.748358765,0.718650473,0.687284999,0.103007168,0.659430834,0.238422077,1.156532328,0.896943618,0.0041113,-0.601624608,0.272802231,-0.523590679,-0.323678867,0.954053382
2009,Sibiu,-0.63414265,0.255594933,-0.437124473,0.260667316,-0.792805578,-0.185587995,0.306966625,1.197553314,-2.247297777,-2.297823674,0.705223763,0.597414678,-0.62718042,0.219389205,1.819972938,0.543751454,0.840276845,1.510042137
2009,Cluj,0.331632736,0.296228008,0.855455727,1.09376283,0.725225717,1.061208008,0.794796441,0.864468374,-0.047095026,-0.219742697,1.19077061,0.521638057,0.049429752,-0.597662217,1.000172023,-0.006872873,0.520189285,1.724416039
2009,Mehedinti,0.123810926,-0.051248104,-0.599478469,-0.488194221,-0.38623467,-0.36453134,-0.572726768,-0.350288255,0.733666243,0.759698513,-1.775033481,-1.468184222,0.785778673,0.538431196,0.792533146,-0.507829839,1.483910626,-0.087601956
2009,Dolj,0.050755211,0.273229634,-1.409581793,-0.818642631,-1.171240656,-0.652751783,-1.346936037,-0.834582212,0.768767377,0.863848649,0.831842796,1.029699755,0.939383343,1.103940425,0.852536462,-0.010052135,-0.327040138,
2009,Satu Mare,-0.648707028,-1.068386044,2.032411341,0.602083473,1.607336543,0.485195483,2.252780809,1.10280485,0.291260866,0.571251619,-0.387735504,-0.40454896,1.159391541,1.03511356,-0.966803037,-0.574525681,-0.676469096,0.723033002
2009,Teleorman,-0.070057616,-0.08528751,-0.028111851,0.167578476,-0.326428186,-0.225278852,0.545883192,0.724033154,0.152716062,0.05698605,0.375134641,-0.262795256,-0.8149015,-0.879372872,-0.561303597,-0.111101795,0.096591869,-0.000224665
2009,Vrancea,0.318565431,-0.106810694,-1.520387719,-1.092974477,-1.449795729,-1.070645494,-1.665097688,-0.890977199,0.569580221,1.038133034,0.79080211,0.939907061,0.607917109,1.532858421,-0.279706844,1.501148983,-0.396287311,-0.999770282
2009,Ialomita,1.377467226,1.075316049,1.264780134,0.95786044,1.340640092,1.104218047,0.681740014,0.161325829,0.178038172,-0.766664165,-0.046418605,0.639577192,-1.288406555,-1.849360359,0.799193774,1.855112425,0.250300457,
2009,Timis,0.159822957,0.344466543,-0.731646677,0.182096835,-0.200637455,0.588840398,-1.039582919,-0.656915808,0.306469598,0.341402225,0.089314326,0.54114253,1.631805492,-1.037762779,-0.026738226,0.157700473,-0.388137296,-0.345561096
2009,Arges,0.857485564,0.739430494,0.572968675,0.799805758,0.71501508,0.797572919,0.267688572,0.616638643,0.532880847,0.511097359,0.741598497,1.012851243,-0.97912627,-0.350696928,0.016443778,-0.431994943,-0.275975822,-1.372323549
2009,Bihor,0.44122712,0.022652326,1.075932111,0.293474041,1.136310314,0.256665212,0.885496923,0.165955683,0.512755697,0.277047243,0.336723832,-0.020404523,-1.14118187,0.183495826,0.372219181,0.619160104,0.683527438,2.191411457
2009,Alba,0.663165982,0.30935354,0.50335139,0.589248575,0.481092483,0.425914205,0.466909357,0.999826625,0.231326859,0.128906395,0.912649618,1.091435562,-0.194922476,0.154412051,0.38251134,1.583747749,0.245658842,0.807462069
2009,Prahova,0.25998706,0.124348111,-0.709025699,-0.489071521,-0.238452493,-0.261518689,-1.038459858,-0.691482116,0.231357414,0.34882878,-0.3889806,0.278161006,-0.996515829,0.198372067,-0.878943612,-0.478424067,-0.63464827,-1.249859687
2009,Constanta,-2.540614972,-2.659614617,-1.964817071,-3.591894772,-2.733601871,-3.938958687,-0.477606961,-2.854937312,-5.199278363,-5.091156813,-2.40253318,-2.756576014,-2.444404258,-2.088946833,0.289170936,-0.534218295,-0.300161669,0.858508086
2010,Tulcea,0.609272617,0.325188895,-0.496988993,0.856151013,-0.054168745,0.830959623,-1.11178488,0.85915479,-0.504770755,-0.321051792,1.789104287,2.207158226,-1.166265645,-0.90935325,0.483725732,2.784700507,,0.307488527
2010,Valcea,-0.110591961,0.22492182,-0.0578764,-0.447710833,-0.064869633,-0.141502215,0.289699536,-0.829964479,0.697296237,0.273738718,-1.151430372,-1.412941174,1.22822124,-0.61480739,-0.847395214,0.305056947,0.118750743,1.169663983
2010,Harghita,0.84154463,0.845390716,0.780713508,1.155106325,0.835478258,1.117414077,0.409018853,0.874760066,0.120810314,-0.258013211,-0.416765306,-0.579024774,-0.813013495,-1.31736791,-0.028356442,-1.320455553,-0.600663661,-0.286589311
2010,Hunedoara,0.288701739,-0.000903086,0.791794795,0.283609966,0.395421013,-0.1809695,1.138566347,1.142066137,-0.261325001,-0.011511359,0.719429813,1.097901373,-1.276623299,0.039538383,-1.077226349,-1.649232757,0.00988147,-1.408224236
2010,Olt,0.124772375,0.540633699,-0.62167258,-0.041405274,-0.514142852,0.196936302,-0.864318983,-0.751125863,0.449329975,-0.175216426,-0.993083781,0.038331146,0.489034273,-0.727241826,0.478027436,-0.062005505,-0.266271809,0.518018379
2010,Timis,-2.253651846,-2.816768618,0.270751298,-0.65131035,0.499825942,-0.434736039,-0.108002352,-0.511488409,0.164708863,0.703162803,-0.444950525,-0.698163294,-0.064341493,2.329679255,-0.478523144,-1.043414631,-0.067627617,-0.151937608
2010,Iasi,0.323371988,0.086547302,-0.735663459,-0.743473613,-0.666756905,-0.667849114,-0.829194463,-0.736207459,0.724990884,0.803475458,0.537075024,0.915207566,-1.189341233,0.652477141,-0.889162634,-0.114296914,-0.700877925,-1.367920184
2010,Salaj,0.347668729,0.229940753,0.401001038,1.105847942,0.346569264,0.777504433,0.6205509,1.802963346,0.718278865,0.909846588,0.97212109,0.951848046,-0.052157486,0.610145119,-2.270698476,-2.284621641,-1.733700463,-2.009053549
2010,Giurgiu,-0.421565298,-0.006402416,-1.539067204,-1.033959481,-1.386974671,-0.781157167,-1.344170123,-1.304753324,0.658581235,0.753523598,-1.257035541,-2.204136594,1.015974292,0.464388312,-0.058754793,-0.684888031,-0.035092484,-0.292126845
2010,Teleorman,0.205755406,0.269302841,0.77119774,0.394402981,0.383175221,0.071885423,1.180663793,0.815760029,0.06561119,-0.306372418,0.198404492,0.125182727,-0.517359331,-1.131489135,0.219421563,0.749699066,0.414798168,0.06102165
2010,Dolj,0.093374541,0.345160805,-0.192348886,0.750815178,0.2229099,1.041977263,-0.454758877,0.074687974,0.324756667,0.454863568,1.000342538,1.199126435,1.13542678,-0.800231009,-0.108534349,0.107258304,0.166736067,-0.069752412
2010,Ilfov,-3.379410244,-3.387142281,-0.490114905,-0.25133074,-0.15150351,0.041329187,-0.653008069,-0.574874287,-0.167592117,0.249569574,1.506763162,0.705649319,1.349855649,0.525721938,0.340816249,-0.554115055,-0.145525859,-0.41927794
2010,Cluj,0.06009166,0.831630208,-0.201021201,1.050864335,0.01326695,0.984952038,-0.364780128,1.166813785,-0.188303175,-0.298063365,0.38542816,0.258103346,0.933518963,0.183629997,-0.370467651,-0.249921743,-0.039209246,0.987880476
2010,Vrancea,0.161689696,-0.028422527,-1.04922492,-0.471779202,-0.638456955,-0.329325972,-1.445819047,-0.600796128,0.377633091,0.499512209,0.563311017,1.217769948,-1.166217953,0.516233316,0.356613454,0.247060079,-0.598307363,0.892923962
2010,Braila,-1.665718408,-1.172972256,-1.889902826,-2.463481869,-2.664408605,-2.659369637,-0.476087155,-2.04273479,-1.432161955,-1.453698746,-1.470389326,-1.051670718,-0.697053984,-1.563475027,1.858603474,1.457614318,1.311338692,2.046804155
2010,Buzau,0.868259784,0.713995979,-0.592894702,-0.204816944,0.198556973,0.048651891,-1.511235007,-0.448499729,-0.481475948,0.163620176,1.506522186,0.923781381,-0.467934214,0.596302716,1.017037559,0.88850809,0.5660453,0.540653071
2010,Arad,-0.070736564,0.353216291,0.418977316,0.130985342,0.306091773,0.234639272,0.643068256,0.048876995,-0.098138285,0.327168316,-0.279504988,-0.291067074,1.881199548,-0.404068828,-1.23061515,-1.136600376,-1.162262298,-1.388987312
2010,Mehedinti,0.270056838,-0.27092426,-1.191319992,-1.199513312,-1.10687841,-1.079059251,-1.331961111,-1.008838963,0.597583643,0.841881735,-0.81232616,-0.29535991,0.902899262,2.205933008,-0.767558752,0.144197446,-1.08072965,
2010,Satu Mare,1.056754725,1.575628722,2.225686801,1.599747639,1.662335183,1.31042737,2.219436098,1.676693114,0.175243379,0.0554593,-1.037144637,-0.595202929,0.387143047,-0.069551258,,,,
2010,Calarasi,0.043170537,-0.004312411,1.167501549,0.265726626,0.985791385,0.259316717,1.153188613,0.370777776,0.372874621,0.578591284,-0.18704996,-0.365719273,-0.13597108,1.25746138,0.229878319,-0.304962377,-0.116696575,
2010,Maramures,0.330847763,0.348289142,0.350578027,0.173667388,0.009467914,-0.092276914,0.787948722,0.458776196,-0.138115939,-0.249749121,-0.337147809,0.127288212,-1.419282656,-1.135828776,,,,
2010,Neamt,0.185801284,-0.059202128,1.2595798,0.416201628,0.922086967,0.199664859,1.528952002,0.897606857,0.467530511,0.665416832,-0.236543209,-0.340451277,0.219604305,1.466493896,0.682977088,-0.533005566,1.76788278,1.130255367
2010,Constanta,-3.348424135,-2.767939187,-3.02909418,-4.154056559,-4.073573057,-4.541208315,-1.03960216,-3.29371528,-1.910377951,-1.952006082,-2.981944009,-3.19949853,-0.904288314,-1.374379939,0.224869414,1.661640871,0.264795298,0.106144363
2010,Bistrita-Nasaud,-0.015256948,0.215833951,-0.172606789,0.035184398,-0.297176384,0.024774196,-0.202943909,0.050707781,0.419055338,0.625191193,-0.823363533,-1.140047949,-0.121384771,0.687462181,-0.455147493,-0.348020108,-0.026300824,-0.670096142
2010,Prahova,0.251408117,0.15134763,0.190015022,0.163934679,0.45665063,0.458899383,-0.075087369,-0.313806825,0.350567334,0.082489631,-0.396984364,-0.016211733,0.758031078,0.101647348,-0.643359195,0.486298454,-0.788194907,
2010,Covasna,0.183326152,-0.557442364,-2.16921102,-1.527002601,-1.701759741,-1.411663295,-2.307085902,-1.434761117,0.595996644,0.844247864,-1.19896549,-2.380911771,1.005768587,1.685634541,1.707458612,1.271183477,1.481105084,0.49017361
2010,Caras-Severin,-0.125547779,0.331592791,-0.997394863,-0.365383748,-0.752966441,-0.155494464,-1.0936988,-0.843223312,0.654743045,0.492634858,0.460520205,-0.606430977,-0.080996023,0.205439878,1.601538538,1.005856617,2.2946591,0.264403147
2010,Brasov,0.800348148,0.380569135,-0.520705968,0.820912088,0.039666892,0.937905048,-1.35334602,0.509329862,-0.126513519,-0.077088297,-0.668160948,-0.46921215,0.071757606,-0.448419673,0.658879341,0.230865964,1.05867396,-0.078597038
2010,Sibiu,-0.133470671,-0.000746218,-0.27911175,-0.018100947,-0.504511655,-0.313951285,0.173898565,0.378333412,-0.217849804,-0.07612913,0.41399945,0.379789779,-0.640660638,-1.294619159,-1.622560883,-0.391414753,-0.628597074,-1.017730734
2010,Vaslui,0.825589387,0.126427464,0.294148358,0.012969686,0.326692325,-0.122345004,0.102427418,0.255347874,0.503951023,0.716975912,1.790963017,1.071976665,0.779968803,2.613485774,-1.131866924,0.248565454,-0.725400944,-1.05539859
2010,Botosani,0.403204349,0.963915314,-0.24217081,0.870952942,-0.476453611,0.705575739,-0.025959732,0.764110761,0.449647976,-0.266672928,0.467378656,0.857719762,-0.631100134,-1.662198704,-0.34788838,0.623552998,-0.176664837,-0.318964547
2010,Mures,-0.259672096,-0.759353626,1.204601231,1.038642662,1.143364881,0.94257486,1.341488621,1.169788175,-0.143808067,-0.248979252,0.901977338,1.649464716,0.691347624,-0.487088416,-1.131336769,0.802997632,-0.772954957,-0.674534878
2010,Arges,0.325195911,0.323173734,0.610349552,1.005055949,0.512643875,0.959642493,0.659632238,0.875543352,-0.271198804,-0.454427102,1.779319475,1.203388011,-0.219905412,-0.586809519,0.504050126,0.069219753,0.080208585,0.437139893
2010,Dambovita,0.557640434,0.558682815,1.21370833,0.809982084,1.102327187,0.816196311,1.385197304,0.715226305,0.619459781,0.112756321,0.381575882,0.471979754,-0.052620594,-0.525630933,0.192622374,-0.350553802,-1.215632278,0.437663521
2010,Ialomita,0.305565933,0.469464553,0.36538754,0.070337292,0.335911949,0.146280195,0.556985826,0.1756069,0.589023886,0.558309907,0.31888768,0.881376145,0.316360724,0.616875274,0.977584869,0.242923828,-1.250809508,
2010,Alba,0.813027046,0.521662786,1.31531672,1.427291905,1.316860685,1.314027915,1.060834364,1.422358758,0.599109217,0.485391168,0.543983861,0.963857221,-1.194444537,-0.361095475,,,,
2010,Bihor,1.32882724,1.008755146,0.917612358,0.69401215,1.141902147,0.862145602,0.300912559,-0.125352143,0.279901193,-0.498276031,0.818716892,1.273159177,-1.243369144,-1.499216184,0.637421125,2.159521824,1.429933775,
2010,Suceava,0.186634004,-0.065344291,1.15633083,0.398646919,0.86956556,0.191137399,1.416021631,0.883359384,0.434274098,0.645516852,-0.150820257,-0.152682477,0.151252696,1.285507062,-0.603320861,-0.316187922,0.692733533,0.013004263
2010,Galati,-0.462505369,-0.405049964,-1.229872165,-0.771330622,-1.018946408,-0.663787462,-1.139203032,-0.469061723,0.838278173,0.685373998,-0.352298663,0.222359006,1.355006346,1.64830966,-0.16892057,0.022312263,-0.692726063,0.426447155
2010,Gorj,0.680722593,0.689275234,0.570527744,-0.549057901,0.722289653,-0.211543186,0.348470367,-1.217223133,0.387592568,0.037738439,-1.939580832,-2.279857811,-0.269911982,-0.93079662,-0.382123151,0.661242178,0.319756118,0.28448584
2010,Bacau,-0.129102904,-0.155408587,0.640698567,-0.1096405,0.602124976,0.017397733,0.726296369,-0.073062972,0.064709266,0.493180777,0.809645107,0.925239957,2.414408484,1.142879681,0.512821036,1.572019696,0.398711807,1.118561795
2011,Maramures,-0.277135472,-0.276496152,0.477094349,0.30066677,-0.061362693,-0.059720123,1.10782018,0.600340042,-1.33158999,-1.445868784,0.459747306,-0.034373632,-0.37901252,-0.98639954,0.33368927,0.21187215,0.001802151,0.190721056
2011,Bistrita-Nasaud,-0.286499074,0.204986528,-0.115624184,-0.440504402,-0.134751184,-0.126644818,0.201579041,-0.934481862,0.736807741,0.301585335,-0.902312546,-1.138460326,1.52937136,-0.651077916,-0.310326161,0.192981489,0.637629886,1.446026746
2011,Buzau,-0.764956636,-0.218700297,-1.764287023,-0.988788985,-1.600389413,-0.953451013,-1.439994484,-1.022636828,0.767921749,0.924462525,-0.778761466,-1.022442782,1.485389206,2.009157209,-0.198987946,-0.036396013,-0.12656771,-0.417904414
2011,Ilfov,0.802010608,0.672396134,-0.390937478,-1.303708694,0.095930047,-0.825580495,-1.057232154,-2.22518309,0.66736094,0.638616333,-0.41008007,-0.977996808,-0.339071236,-0.861332512,-0.246821608,-0.431452009,0.128750403,
2011,Arad,-1.538755935,-0.899092066,0.62226276,0.545208933,0.592151628,0.626558132,0.732057864,0.553455935,-0.203460618,0.375144769,-0.176735965,-0.842081515,1.388954693,0.044688293,-0.055721443,0.034748015,0.415163313,-0.802093067
2011,Prahova,-0.291385244,0.298470879,-0.471855821,0.055373415,-0.535788162,0.082572495,-0.613166742,-0.107663436,0.267476742,0.365215414,-0.786023433,-0.756583735,-0.195571968,0.705377641,0.008414219,0.01191512,0.468095422,0.840897508
2011,Hunedoara,-0.419291737,0.295180956,0.791005049,0.32878563,0.353826071,0.160047861,1.5687096,0.4644291,0.217408805,-0.125471808,0.280685815,0.120345937,-0.458477099,-1.191738567,,,,
2011,Constanta,-2.603995319,-2.65720181,-2.814838978,-4.306315499,-3.731967428,-4.710602327,-1.168522227,-3.3365468,-2.128416225,-1.89822267,-2.331853606,-3.084348229,-1.022667407,-0.750263325,1.16675868,0.516888107,1.240729086,-0.221763304
2011,Timis,0.314157978,0.700762818,0.499805038,0.127171497,0.432246301,0.08476534,-0.044902386,-0.076411994,-0.011374914,0.253603307,-0.850165326,-0.253691663,-0.018518214,0.728215753,,,,
2011,Covasna,0.775397419,0.490196863,-0.71130544,-0.311062508,-0.21013879,-0.00841118,-1.2526338,-0.783404516,0.226442242,0.181443823,-0.731655752,-0.140333364,-1.293538304,-1.085536836,-0.96817072,0.432596425,-1.065816649,-0.876097901
2011,Vaslui,0.332064964,0.709134654,0.249846866,0.773089864,0.327657932,0.735917917,0.154955078,0.762059781,0.079524697,0.108851121,1.005020151,1.252254809,-0.666421236,0.075952805,0.401531291,0.124912456,-0.323608579,-0.493968698
2011,Bihor,0.444652096,0.696749944,-0.032426573,0.099646417,0.073216295,0.167533094,-0.038846151,0.091468782,0.719241912,0.618681135,1.107111234,1.532907574,0.475515081,0.100834227,-0.762918598,-0.593055006,-1.071146702,
2011,Salaj,-0.288051234,-0.716910035,1.079626992,0.963541429,1.023602574,0.894276039,1.248580184,1.090896534,-0.218254597,-0.277338325,0.879866673,1.527065898,1.251882117,-0.484894518,-0.561036283,0.239917792,-0.109818625,
2011,Brasov,0.182334351,0.53414518,-0.793208553,-0.288063466,-0.630411675,0.002161153,-0.998227509,-0.957582789,0.439167907,-0.149604517,-1.543499665,-0.189697267,0.444455202,-0.625161729,1.089869798,0.36041597,1.316746436,1.00645015
2011,Valcea,0.644990468,0.279891965,0.120009912,-0.57701782,0.393344347,-0.106532009,-0.213963789,-1.166457198,0.292753462,-0.155090739,-0.441185034,0.212076119,0.273786549,-0.791468305,0.596919533,1.54282173,,
2011,Harghita,0.707817692,0.316369006,1.430622141,0.488815627,1.269832586,0.511142639,1.341926681,0.517747018,0.404693431,0.367685995,-0.114973423,-0.149930799,-0.750625724,0.545624738,-0.269872961,-0.239952244,-0.737164921,-0.944699207
2011,Arges,0.16119807,0.840223731,-0.420770831,0.792439789,-0.252636173,0.666321115,-0.403663243,1.134240766,-0.443817055,-0.545837225,1.066191111,0.96468758,0.357341948,0.677643186,1.022546152,0.250455125,1.017560945,2.631393947
2011,Calarasi,1.04874807,0.952847642,0.119593811,1.314494381,0.492672216,1.443859381,-0.822636814,0.769109325,-0.214542716,-0.401792816,-0.3565294,0.016004527,-1.064923686,-1.181011845,0.701392774,3.883825862,,0.496068902
2011,Iasi,-0.195409865,-0.183980036,-0.307505757,0.400902774,-0.317251652,0.178703246,-0.19572293,0.977374275,0.843116483,0.90340595,0.728998259,0.922271349,0.677373965,1.312408761,-2.269793379,-0.85073784,-1.79395425,-1.692985887
2011,Botosani,0.666325537,0.253520501,1.30066324,1.000426676,1.134690478,0.677774872,1.119121207,1.490365284,0.262663329,0.295621019,0.305509391,0.840594019,-0.347201965,0.840510143,0.441482296,-2.073358629,-0.130299688,1.008436711
2011,Suceava,0.334894593,-0.257737785,0.310625507,-0.089967577,0.185640566,-0.260662755,0.263309708,0.261511281,0.462783211,0.594852734,0.313841666,0.342258002,0.883179835,1.963461799,-0.524956673,0.042284904,-0.413541774,
2011,Dambovita,-0.036723927,-0.063058599,1.136131386,0.16054848,0.864279266,0.226215129,1.623762421,0.444964846,0.109638582,0.545947947,0.178583085,0.38985096,3.41707009,1.168940642,0.382126054,0.238360449,-0.702601038,0.377352861
2011,Tulcea,0.314906859,0.609860737,-1.165429621,-0.670505472,-1.125579745,-0.48709687,-1.08245208,-0.960544027,0.588171425,0.560551108,0.131401445,1.067329393,1.397540419,-0.280415267,0.6523672,-0.861039324,0.378374364,0.584278866
2011,Dolj,-3.024418121,-3.603722965,0.246992376,-0.136147689,0.553032955,-0.048529757,-0.34392959,0.088297645,0.067165486,0.555467001,1.210941816,1.062562433,-0.606792918,2.135155626,0.254778147,-1.116203057,0.285438471,
2011,Teleorman,0.72701393,0.589906298,1.107549532,1.19260633,0.752287186,0.83218859,1.428380749,1.505604194,0.094537375,-0.283177749,0.211326507,0.726760475,-1.405821352,-1.345248416,,,,
2011,Satu Mare,0.025488442,0.120460576,-0.138108131,0.012113407,-0.194783172,-0.007630769,0.016540646,0.140542404,0.468427608,0.522555738,-0.299403456,-1.515483369,0.46676373,0.164005723,1.086859948,0.721383719,1.576464239,0.287130043
2011,Caras-Severin,0.510418309,0.112341129,-0.920514033,-0.91522706,-0.620118376,-0.67910929,-1.282066564,-1.248067773,0.588812221,0.641737219,0.659297286,0.850233029,-0.281941203,0.178806643,-0.826364521,0.193046849,-0.613587284,-0.976985276
2011,Neamt,0.318847899,-0.251562986,0.369004025,-0.057827912,0.208612732,-0.248630068,0.340480633,0.299890307,0.502219552,0.585973398,0.21181195,0.226075386,0.936849608,1.995795434,-1.289603317,-1.144237775,-0.831782862,-1.081462653
2011,Gorj,0.050253906,0.44906002,-0.85870953,-0.232147769,-0.973780025,-0.178728161,-0.593804579,-0.450831537,0.383205064,0.112646961,-1.790745412,-1.21057821,0.293295854,-0.900593241,1.44673256,0.183450307,0.925333529,1.099046
2011,Mures,0.607640965,0.439748858,0.098533235,1.377678146,0.256919354,1.126091871,-0.154030447,1.829102673,-1.388920278,-1.254043086,1.636660447,1.950823257,-1.395981342,-1.299131241,0.091037404,-0.18095713,0.776422013,0.050384533
2011,Sibiu,-0.703839335,0.019252407,0.2318965,0.13396898,-0.302148811,-0.192870251,1.062785826,0.504958224,-0.115921239,-0.157621557,1.387058405,-0.615457458,-1.338065411,-1.065617599,1.235836293,1.250301341,1.420578356,0.319237726
2011,Mehedinti,0.316941608,0.050486052,-0.459093141,-0.435618871,-0.060171269,-0.226923529,-0.75787662,-0.58300341,0.257120627,0.376781845,-0.755969826,0.041681824,-1.044934296,0.163895601,-0.31268537,-1.358873245,-0.62998641,-0.539181158
2011,Alba,0.313052907,0.4143687,0.542785418,0.436178145,0.416804292,0.378052559,0.591489879,0.635646173,-0.262030783,0.33886299,0.852148243,0.616033583,0.167126301,0.698231957,0.360455096,-0.75915585,0.093341252,0.037005095
2011,Vrancea,0.033420901,-0.280030659,-0.141212772,-0.126898721,0.01883856,0.104564027,-0.281377545,-0.500057196,0.349100418,0.293688654,1.69197915,1.951042979,0.387273171,-0.20323634,0.156455045,0.310787659,0.326124515,
2011,Galati,-0.258644028,-0.777109999,-0.556295122,-0.878897411,-0.287410884,-0.574681986,-0.598038219,-1.098429821,0.305919534,0.616255386,-0.728979486,-0.378617448,1.630204616,0.938023731,-0.993080897,0.209834868,-1.780098708,
2011,Braila,-1.398878826,-0.994280325,-0.99870129,-1.528993267,-1.90464407,-2.052375216,0.408016727,-0.669581943,-1.250950834,-1.359687869,-1.602576242,-1.046190112,-1.455010092,-1.067899324,-0.045998569,-1.036977647,1.332409121,1.459165739
2011,Olt,0.403358967,0.43603544,0.092798879,0.360860942,0.143298575,0.28260523,-0.018284372,0.406624879,0.776612738,0.60159706,-0.928736652,-0.615163553,0.360441508,0.224218154,0.142148115,0.768134235,0.497267316,0.134126812
2011,Giurgiu,-0.063413512,-0.500883438,-0.227211522,-1.108354776,-0.066254965,-0.926886666,-0.341211875,-0.947807909,0.410319134,0.711926583,-1.034124948,-1.12541696,0.974243668,2.16995081,-0.37253847,-1.013303061,-0.508900217,-1.219414601
2011,Bacau,0.812898516,0.723075909,0.274560895,0.441866464,0.881149503,0.607537222,-0.524707823,0.27008565,-0.952504622,-0.279824473,0.819160268,0.44148789,-0.184328528,0.12303239,-0.12898233,-0.716986598,0.444770779,-0.196069984
2011,Cluj,0.568150314,0.399667124,0.282625215,0.68630071,0.353294699,0.541336161,-0.193634323,0.514722472,0.232371998,0.337008723,0.122955874,0.107962787,-0.597848185,-0.575694499,0.507533693,0.929771715,0.417650877,0.192860807
2011,Ialomita,0.692695783,1.254775105,1.123654747,1.858847741,1.232622578,1.882609181,0.989327368,1.549147042,-0.063452831,-0.217543614,0.578406428,0.735131799,1.675833907,-1.445123872,0.179645173,-0.027243879,0.736111954,-0.022731801
2012,Cluj,0.107871579,0.715927093,0.51520344,0.947280344,0.384638706,0.893649218,0.669503891,0.753347653,0.418182191,0.127894101,1.001400836,-0.122717296,-0.893500704,-0.919769659,1.403711397,1.22958695,1.760786082,0.680511256
2012,Iasi,-0.287037226,-0.86380153,0.410423514,0.187752962,0.485577986,0.250947982,0.455972101,0.115963149,0.389751132,0.47658466,0.603246011,1.561356572,0.493077517,0.025668672,-0.369716503,-0.262359723,-1.024656765,
2012,Harghita,0.471405567,0.456673474,0.916503259,1.212739985,0.710407314,1.134614918,0.846519514,1.038217685,0.243311977,-0.065980179,0.494622019,0.178440052,0.30593665,-1.135270553,-0.073138748,0.365057879,-0.756629435,-0.098017202
2012,Prahova,0.239095917,0.046721523,-0.053019885,-0.625354189,0.060827876,-0.334953829,0.051808716,-0.968534947,0.66258545,0.278195821,-1.256093951,-1.476007127,0.152326117,-0.087906913,0.641740936,0.474375429,1.652349638,2.10449987
2012,Alba,-3.707937275,-3.799782785,0.788909991,0.971104645,0.824757198,0.988542223,0.686958796,0.994751127,-0.078972827,-0.074370344,1.884840442,0.775461112,0.143950031,-0.457072339,-1.68875765,-0.980579181,-0.732081095,-0.339082556
2012,Tulcea,0.316348939,0.492501093,-0.254080989,0.48891327,-0.28636152,0.310319835,-0.130353521,0.708710815,0.884805224,0.742981281,0.568640102,0.538565693,-0.434788563,0.223782488,-0.10361289,0.260331856,1.103198198,-1.418800014
2012,Mehedinti,0.236655615,0.300716054,0.361594514,0.250873274,0.542675673,0.501519642,0.15026826,-0.174777076,0.383139189,0.113599246,-0.549671388,-0.154147722,0.552289678,-0.12520502,-0.536599401,0.716026248,-0.282080872,
2012,Buzau,0.406573968,-0.327699514,-1.945378808,-1.236440062,-1.497137794,-1.187316927,-2.293980531,-1.19595079,0.623502305,0.994224474,0.770557703,-0.758358852,1.010911997,1.823328276,1.046079254,1.596562988,1.013942177,-0.457658399
2012,Bistrita-Nasaud,0.50874756,0.078058063,0.139287293,-0.694559911,0.374175525,-0.253994294,-0.189747482,-1.19514142,0.318789601,0.039666139,-0.338391585,0.24203904,0.666753446,-0.29631255,-0.961403906,0.570811585,,
2012,Satu Mare,0.140269791,0.107437728,1.186400082,0.183607375,0.932805207,0.11706702,1.339893359,0.377787541,0.461602764,0.311249722,-0.624379601,-0.545422031,0.95872212,0.470132043,0.281677702,-1.001981738,-0.630954054,-0.197991069
2012,Brasov,0.321128281,0.297507253,-0.121930857,0.094712386,-0.030160671,0.075610926,-0.190963653,0.149294018,0.773325461,0.651664585,-1.398784142,-0.999273846,0.533916708,0.335447404,-0.478143175,-1.245596874,0.547035976,0.723033002
2012,Teleorman,0.410429164,0.234818673,1.046861333,0.39476371,0.566120581,0.007228017,1.552112368,0.972640287,-1.134874384,-1.046470068,0.598126214,0.444420524,-0.702378318,-0.441334102,0.593524165,-0.755782048,0.169779039,1.41543777
2012,Vaslui,0.332546529,0.180029269,1.324947157,1.342725654,1.402220141,1.334555135,0.964194733,1.101858707,0.090156622,-0.280553317,0.235067268,0.556815462,0.891631973,-0.275401917,0.352082341,-0.576384687,-0.50256931,
2012,Ilfov,0.166048672,0.288727112,-2.296672115,-1.21079907,-1.820110694,-0.948633558,-2.610526441,-1.822364737,0.463553717,0.479120034,-0.690393566,-0.063514723,-0.366969733,-0.127893915,0.894942645,-0.138664227,0.171726859,0.992606192
2012,Timis,-0.024609636,-0.091990274,-1.794768778,-1.232191578,-1.499361061,-0.941502664,-1.795066729,-1.588665427,0.596506506,0.830686352,-1.278656996,-2.234037165,0.633103572,0.440504874,1.876326184,0.310210115,1.197264117,1.369242564
2012,Ialomita,-1.955581443,-2.411295786,1.787908662,0.707741103,1.613081663,0.658170261,1.767140178,1.076592246,-0.223069649,0.054672536,-0.225191523,-0.380908294,0.309895719,1.634361154,0.493983786,0.554829306,0.610223851,0.209306326
2012,Hunedoara,-0.673014621,-0.44961766,0.935832572,0.08688481,0.390648215,-0.213573103,1.687109851,0.668909696,-1.655422191,-1.620735916,0.140587108,0.749343359,0.643921569,-0.646874932,-0.058503621,0.026648692,0.121042828,-0.017668739
2012,Bihor,0.546115852,1.078875731,0.770248786,1.679548726,1.012970656,1.715829923,0.493179078,1.229268141,-0.003373036,0.012357326,0.954747535,1.061294011,1.741113724,-1.353852019,0.925025155,0.420728625,-0.023603904,0.487650488
2012,Gorj,0.378363921,-0.120840235,0.983883301,0.252048491,0.946961651,0.075153498,1.016755515,0.821703694,0.251112865,0.472285046,-0.810199288,-0.495708173,-1.043170086,1.040445855,-1.207029526,-1.068090743,-0.102151992,-1.435158864
2012,Mures,0.305198158,0.678604865,-0.583427002,-0.173883024,-0.803394031,-0.194503448,-0.198864009,-0.166915594,0.224135439,0.220525296,0.11546679,0.961539002,1.130394415,-0.613423634,0.992031882,-1.160032059,1.714163573,1.259298526
2012,Vrancea,-0.116833893,0.109506433,-0.568507753,0.215314899,-0.761381173,0.176273271,-0.783931816,0.053661511,0.089973131,0.329614054,1.512920218,1.203259333,-0.282271186,-0.178777293,1.276372743,1.338608052,1.531032421,0.510345317
2012,Braila,-1.056406653,-1.396123276,-1.470340991,-2.235360887,-2.060645866,-2.615580821,-0.32931914,-1.472566468,-1.280949994,-1.092793686,-1.121475531,-1.243372059,-1.19290742,-0.623046896,-0.76612725,-1.123157313,-1.013032048,-1.176742733
2012,Covasna,0.447653426,0.124654343,-0.101589053,-0.663145402,0.211764549,-0.312476451,-0.514099834,-0.906924702,0.490040304,0.679361432,-0.723607697,-0.174389487,-0.652439498,0.661516383,-0.836518287,-0.584973861,-1.049629039,-1.822864638
2012,Valcea,-0.590610614,-0.002515393,-0.815398852,-0.838377637,-0.802134142,-0.611677249,-0.415788694,-0.827680772,0.805735599,0.755575575,-1.00154474,-0.760683182,2.018379777,1.431407692,0.672436771,0.293004353,-0.752516363,
2012,Botosani,0.662665469,0.955768167,1.680096528,1.360401101,1.501714074,1.275381552,1.823563584,1.15720977,0.550755327,-0.020871837,1.010802412,0.907322017,-0.407620003,-1.190009199,0.218014805,0.157948443,-0.757342066,0.297022876
2012,Calarasi,0.313533855,0.269572614,0.083370641,-0.341298391,0.060720263,-0.158275498,-0.001377063,-0.668089705,0.339414868,-0.059602808,-1.215039758,0.792589728,-0.365959346,-0.406203692,-0.441432958,-1.007929334,-0.078157324,1.017868248
2012,Galati,0.675175142,0.184241162,-1.728739261,-0.314900937,-1.147926591,-0.069161406,-2.398175793,-0.846945057,-0.042796348,0.128804295,-0.526792591,-0.054326938,-0.538998515,-0.374993083,-0.199776894,2.64858809,0.412210913,0.543591298
2012,Maramures,-1.005014536,0.176585719,-0.315017735,0.219872419,-0.629414009,-0.18693957,0.219747697,0.899525472,-1.443792496,-1.490222259,-0.25180427,-0.361115956,-0.109428626,-0.168383809,1.40425636,1.518583687,1.233593706,2.299559257
2012,Arad,0.64481144,0.647582792,0.334968964,-0.93436422,0.616590411,-0.471173365,0.050111916,-1.639278964,0.393201695,0.159447206,-2.136349264,-2.522733979,-0.571178486,-0.601772432,-1.417469319,-0.767056706,-0.740801242,
2012,Dolj,0.288886356,0.810075219,0.727672061,0.574317247,0.694927813,0.506628714,0.011723337,0.309162662,-0.283040709,-0.029665935,0.281756215,0.752418383,-0.416687585,0.031968415,,,,
2012,Constanta,-2.107637889,-2.210687705,-2.722055955,-3.733272966,-3.617310732,-4.110250163,-1.079534363,-2.918800753,-2.19875719,-2.292066154,-2.673278692,-2.751785996,-2.407732075,-2.172515665,-0.092909979,1.532702649,-0.086172133,-0.255037728
2012,Suceava,0.687274872,0.276925894,1.200947258,0.736716422,1.127789098,0.666987804,0.884165256,0.665859845,0.198458496,0.220772006,-0.119984151,0.846299703,-0.991058802,-0.21178307,-0.621233994,-1.577449929,-1.071810914,-0.040022473
2012,Sibiu,0.19018396,-0.022944123,0.152834302,-0.549308201,-0.300446954,-0.812921266,0.720029569,0.050670168,-0.061247875,0.174796317,0.395440939,0.361460219,-0.880450101,-0.026843578,0.43305544,-0.413861126,0.065201082,-0.291306409
2012,Bacau,-0.620448879,-0.056849725,-0.97772392,-0.326929651,-1.050493857,-0.462860778,-0.667711115,-0.300584832,0.718451673,0.826603091,-0.679644446,-1.42239272,1.51118356,1.550545036,0.116826659,0.599082799,0.227434133,-0.266592625
2012,Salaj,0.580158786,0.298839905,0.043211879,1.346221613,0.359705985,1.197480875,-0.414246622,1.585313385,-1.583128263,-1.443150825,1.669087894,2.015951333,-1.290917381,-1.106604913,0.568792329,1.584464627,0.940736169,0.485446054
2012,Arges,0.524656817,0.456673639,-0.069176088,0.490658217,0.075855291,0.389538048,-0.343268423,0.39650132,0.359900543,0.495753421,0.715820468,0.764508708,-0.498263181,-0.676110642,0.263144388,-0.195163701,0.922597942,0.599427045
2012,Giurgiu,0.518235031,0.091630936,0.334621154,-0.362658279,0.592717017,-0.088289347,-0.117200642,-0.665124051,0.331447563,0.431992601,-0.466900228,-0.008500541,-0.290486491,0.357253509,,,,
2012,Caras-Severin,0.141260786,-0.016939616,-0.657749453,0.029212891,-0.391381135,0.081756633,-0.788174485,0.253021608,0.822569295,0.832532582,0.864944457,1.006244595,0.778585243,1.128125415,-0.148205221,-0.075005009,-0.278531897,-0.036064847
2012,Olt,0.653949824,-0.057015846,-0.524417195,-0.624216524,-0.384546391,-0.600208452,-0.755669618,-0.509493712,0.579497135,0.801798007,0.965074515,0.7319921,0.853460087,2.784391985,-0.232362187,0.196995739,-0.049523011,-0.989389251
2012,Dambovita,0.65655034,0.693672356,0.760550445,0.595941352,1.012147092,0.588191126,0.346472874,0.783715251,-0.532647265,0.108420023,0.286093034,0.220519651,0.559467662,0.155786207,1.307072472,0.741906097,1.55492132,1.121712241
2012,Neamt,0.620753471,0.369233063,1.196833298,0.813301607,1.069707704,0.720946067,0.972081573,0.733491817,0.224683951,0.16155696,-0.100032578,0.817240784,-0.904570704,-0.347803099,-0.114498907,-0.476543239,0.020659196,-0.619237917
2013,Giurgiu,-0.497605609,0.027352931,-0.642856102,-0.654351539,-0.550458358,-0.402926063,-0.635025453,-0.928219887,-0.306700707,0.571213222,-0.636867415,-0.54230018,2.180112868,-0.096181908,-0.013020986,-0.838574267,-0.051223052,-0.578506086
2013,Olt,0.29888713,0.445316899,-0.298867073,0.146351031,0.033976835,0.259786002,-0.54557021,0.007446573,0.140443026,0.217396782,0.492732903,0.847880452,-0.756553981,0.248055039,-1.114832227,-1.51846396,-0.925697886,-0.081706245
2013,Cluj,0.788366671,0.3970829,0.427293834,0.117026925,0.421099083,0.076432779,0.16744845,0.179935025,0.39420626,0.522718864,1.077064987,0.904580933,-0.163509462,0.25610135,0.010452353,-0.36684971,0.052541954,-0.593117418
2013,Dolj,0.202460066,0.052878811,-1.33095926,-0.484643954,-1.133738489,-0.396788891,-1.285268133,-0.752785792,0.642715686,0.86490394,0.398796479,-0.258726004,0.268771601,-0.112032966,1.187237942,-0.153324314,2.250944622,0.251799095
2013,Covasna,0.249966176,0.247329848,-0.539222611,-0.036190741,-0.333885474,0.222604007,-0.665923212,-0.41388168,0.354305845,0.252214606,-0.338549564,-0.872431461,0.617864558,-0.614357098,0.8332601,0.692696261,1.28224145,0.483044635
2013,Dambovita,-0.512352336,0.169596625,-0.613040883,-0.189838281,-0.92291851,-0.351669581,-0.27301815,-0.056223266,0.645250106,0.722790355,-0.960687182,-1.769008834,1.128684973,0.982857103,0.263904419,1.541297536,0.541732315,0.862909398
2013,Botosani,-0.055736598,-0.108072993,1.473938127,0.709754485,1.10253523,0.544041619,1.811955424,1.043813538,-0.19088564,0.20967954,0.637908733,0.644933988,2.342663342,0.716478271,-2.221349262,-1.937018043,-1.833734679,-1.427177364
2013,Constanta,-2.26628416,-2.146342409,-2.246996693,-3.737079161,-3.163098939,-4.045300034,-0.594002206,-3.087277109,-2.140622317,-2.140579969,-3.148334475,-2.633779008,-2.275018941,-2.018189249,0.076771094,0.25995654,-0.366593613,-0.301003099
2013,Galati,0.157424824,0.134924158,-2.063737132,-1.885601711,-1.686269265,-1.469530123,-2.333836436,-2.43146588,0.538723554,0.550003764,-1.843487657,-0.210200859,0.710890021,0.507990228,-0.330243267,-1.716616247,0.343370192,0.56098351
2013,Mures,0.390878239,0.721183045,0.394221881,1.133524202,0.0750935,0.752328114,0.772372894,1.612296138,0.444584137,0.331164885,0.322046207,0.609705042,-0.615176411,-0.225267556,-1.144065238,0.462238539,,
2013,Iasi,0.619849688,0.273859099,-0.776490451,0.499039475,-0.492828143,0.402608636,-1.226191229,0.550369138,0.032645625,0.215507448,1.462656943,1.831131422,-1.203428392,-0.783942741,0.080881765,2.211358372,0.498644314,0.811079562
2013,Mehedinti,-0.161749909,0.355703314,-0.324577463,0.057359058,-0.47407277,0.029650728,-0.337696023,0.009478019,0.34395724,0.425893394,-1.06404756,-1.074897539,-0.235272821,0.735328626,1.386679795,1.842734532,2.149298842,0.447565296
2013,Neamt,0.484910556,0.893763845,1.83021069,1.605793036,1.606608693,1.551054432,1.587868242,1.159439676,0.296043479,-0.305033166,0.726195376,0.989797798,-0.108712195,-0.90279866,0.494701907,-0.02290614,0.219166103,
2013,Prahova,1.055685219,0.66240919,0.013460543,-0.333666118,0.384317763,0.119998826,-0.607949238,-1.23883635,0.351948642,-0.403134784,-0.209991229,0.346008941,-0.898667172,-1.409639157,-0.867506813,-0.769234568,,
2013,Arad,-0.023212828,0.184246144,-0.880696914,-0.645031071,-0.905665591,-0.534453848,-0.677157945,-0.848956788,0.396233417,0.287685506,-2.183093931,-1.669569244,0.275907908,-0.476927217,1.102373138,-0.417347457,0.958080448,1.513984134
2013,Maramures,-0.189740122,-0.1275887,-0.222525874,-0.19784869,-0.481420993,-0.486286229,0.151767101,0.171217531,-0.301423883,-0.191154616,-0.083044695,-0.074204304,-0.6000362,-1.148300107,-0.510000775,-0.900867891,0.068428211,-0.566229709
2013,Sibiu,-0.0715163,-0.152264615,0.278699772,0.601955906,-0.1467905,0.069816399,1.023491701,1.587862027,0.061277907,0.263494153,0.206299019,0.284037841,-0.782297842,-0.131752188,-0.42273134,-0.665730789,-0.810434582,0.677917413
2013,Tulcea,0.61475744,0.075684647,-0.818384998,-0.541740438,-0.609585451,-0.538573063,-0.951115146,-0.322648499,0.663700271,1.002304429,0.934811647,0.801681043,0.693308087,1.545636045,-0.2096854,0.164257841,-0.837611912,-0.700975352
2013,Brasov,0.545769434,-0.138689054,-0.735965876,-0.813834332,-0.626181966,-0.765022904,-0.910492167,-0.67105557,0.594671183,0.796088831,0.309721434,0.34007528,0.919299974,2.738032129,-0.350187515,-0.236357395,-0.817281975,-0.953120375
2013,Bihor,-3.450499408,-3.999017144,1.237002493,0.637791917,1.317016212,0.624126994,0.819559814,0.852935547,-0.954668233,-0.667189194,0.573179559,0.2597593,-0.58367145,1.469340722,-1.718042887,-0.750577845,-0.980225008,0.326252236
2013,Vaslui,-0.928611817,0.084786437,0.789201908,1.627577482,0.611325365,1.57706472,0.671960987,1.459509987,-1.597746168,-1.539491395,-0.001271476,0.070951957,0.182324415,-0.696797618,1.818321835,1.352830263,1.719227792,0.270939981
2013,Ilfov,0.669818526,0.125213016,-0.417718609,-0.708744666,0.05937818,-0.596671819,-1.149005693,-0.66385468,0.439979162,0.753676026,0.631233891,0.944646888,-1.080434854,1.928836086,-0.52596329,-0.669560714,0.079200135,-0.749546068
2013,Valcea,0.280389507,0.326893499,0.127282155,0.46254197,0.436169749,0.750103737,-0.164512552,-0.046826233,0.270871971,0.298340709,-0.546285491,-0.098613008,0.776034274,-0.546484545,0.564249698,-0.165237402,0.151555121,1.190225371
2013,Vrancea,0.164940317,-0.073540913,-0.335795552,-0.733095202,-0.209827492,-0.586400302,-0.325768831,-1.08119874,0.825057227,0.654456973,0.937286967,0.526529567,-0.580565679,-0.133532737,1.950056985,0.262734001,1.780068997,2.106627101
2013,Alba,1.025648413,0.872106913,1.020190365,-0.127433702,1.087865462,-0.029347025,0.776782376,-0.30299633,0.402420612,0.435727934,0.772030854,-0.043463083,-0.714538014,-0.932702017,-0.42658058,-0.806010169,0.008638428,
2013,Salaj,0.206891037,0.660749127,-0.719348094,-0.127397786,-0.808642269,-0.0145574,-0.488447257,-0.353478712,0.522850113,0.376194787,0.673084707,1.08864457,0.945123247,-0.663197805,2.694045139,-1.561711811,2.043816672,2.032601537
2013,Bistrita-Nasaud,-0.752952857,-0.059789382,-0.926409397,-0.78501706,-0.937015411,-0.58704037,-0.570396587,-0.819354374,0.76598841,0.744005494,-0.89811904,-0.679679274,2.483467553,1.556278414,,,,
2013,Calarasi,0.105739547,-0.154390083,0.501370206,0.085831293,0.458848745,0.02601964,0.665757542,0.492330332,0.470350177,0.662616388,-0.439392573,-0.325678665,0.342686358,0.842027715,0.256844394,-1.279255388,1.369910616,1.203346561
2013,Teleorman,-4.257249512,-4.66745225,0.908064853,0.735464346,0.658586774,0.452112499,1.289865245,1.15401717,-3.221886766,-3.176116111,0.737234295,0.141653366,-0.72434021,-0.940381458,-0.235828113,-0.484520605,0.408922848,-0.553765737
2013,Caras-Severin,-0.221088139,-0.74157218,0.009825881,-0.032767744,0.283406231,0.188720016,-0.119738741,-0.251287329,0.275670742,0.433135323,0.249871044,0.499007545,2.054496704,0.323472417,0.921916726,1.051247374,-1.188155361,
2013,Braila,-1.448762132,-1.18656015,-1.52167158,-1.896281679,-2.122456495,-2.175014597,-0.411666526,-1.415151464,-4.177883582,-4.117086648,-1.341520572,-1.016610225,-1.826778784,-1.447518571,0.992291262,0.218914995,0.32359951,0.072316852
2013,Ialomita,0.802434595,1.585560536,1.986478306,1.912702058,1.57843266,1.712422482,1.700916968,1.894299932,-0.429831617,-0.619916768,-0.847364202,-0.106751436,-0.03840845,-0.68464672,,,,
2013,Gorj,0.302574242,0.373188516,0.781069658,0.387314552,0.670808053,0.443539612,1.067623697,0.317881995,0.666134131,0.269634402,-0.37708334,-0.137472436,0.251130469,-0.164868986,-1.226891263,-0.888052381,-1.044300858,-1.65789752
2013,Satu Mare,1.162254199,0.795430629,1.580820423,1.169759159,1.475855682,1.196210015,1.301768891,0.936506451,0.094485982,-0.243435376,-0.419889985,-0.015880762,0.559828652,-0.296567881,,,,
2013,Suceava,0.453877283,0.878533289,1.756061947,1.474812525,1.576786698,1.458615034,1.463042591,1.027343399,0.28149275,-0.235782932,0.809814635,1.020169583,-0.298677282,-0.779053176,-0.344600693,-1.589813256,-0.523014718,
2013,Timis,0.208548704,-0.241972982,-0.563723495,-1.200383346,-0.171372568,-0.919153487,-0.983849211,-1.323330896,0.539028862,0.626798082,-0.904349885,-1.119371558,-0.014649569,1.045762518,-1.23465556,-0.817008028,-0.70521779,-1.170906523
2013,Harghita,0.742368524,1.198710075,-0.350767658,1.194862289,-0.204224902,1.152973572,-0.557128898,0.942533184,0.245938623,-0.130799861,-0.012649385,0.118167415,0.278550379,-0.67824909,0.736881143,1.329667606,0.504764288,1.919041822
2013,Arges,-0.096455551,0.550520404,0.326075652,0.712063875,0.186361701,0.634757579,0.615893504,0.615870756,0.520597216,0.373896851,1.802243519,-0.103522636,-0.822878623,-0.702699784,0.302764363,0.33204277,0.85383667,0.185589525
2013,Hunedoara,0.15333791,0.121168754,0.662390205,0.586966289,0.692413055,0.35484976,0.687013062,0.939672091,-3.497160764,-3.127638732,1.784669553,0.969577,-1.671564029,-1.312937954,1.531477044,0.769304096,1.184826486,1.148081309
2013,Bacau,0.504535469,-0.074558024,-1.144499431,-0.556040549,-0.836712709,-0.594174167,-1.463888077,-0.40969506,0.474744732,0.854204352,0.503063129,-0.883483132,1.31496285,1.029302761,1.239366156,0.79403089,0.785707988,0.886232393
2013,Buzau,1.118675475,0.68698747,-1.032797434,-0.191972859,-0.43742234,0.054976118,-1.786590104,-0.780566566,0.418571082,0.168327706,0.897552374,1.012997985,-1.493906501,-0.878554271,-0.675935702,1.094930096,-0.326321198,-1.245208429
2014,Timis,0.79664117,0.271105082,-0.125592597,-0.4054569,0.265706921,-0.098422189,-0.675160431,-0.862316346,0.43634799,0.348710161,0.298185989,0.884967106,-0.36080504,0.17821297,-2.152222577,-0.682784968,-1.414316458,-2.149126862
2014,Bihor,0.397727367,1.371858788,1.56098763,1.7191197,1.383527234,1.654288164,0.886631345,1.570085083,-1.290883344,-1.342771442,-0.424899705,0.278086435,-0.405261132,-0.664277858,,,,
2014,Alba,0.354207307,0.575774209,-0.93274939,-0.018562024,-1.114114284,-0.171939352,-0.713280983,0.007925044,0.483903897,0.165998228,-0.176593257,0.556088453,-0.531898515,-0.466836487,0.440080439,-0.792982386,0.933071142,0.552522465
2014,Braila,-1.765962943,-1.872270381,-0.935904419,-1.697651659,-1.586849822,-2.001814804,0.262804957,-1.093652306,-3.234240037,-3.371541754,-0.628280499,-0.55812914,-0.98210139,-1.026062124,-1.087044199,-1.109280493,-0.263546999,
2014,Maramures,-0.59844351,0.137070563,0.211583255,0.090778203,-0.336904474,-0.189433374,1.083084636,0.381837468,-0.193879174,-0.371193677,0.860760543,-0.771675739,-1.511574169,-1.330233762,0.201102856,0.162645562,0.969403051,0.506514493
2014,Sibiu,-0.792348419,-1.114152997,0.911720551,0.460745495,0.460407462,0.169124141,1.591810557,0.928957727,-1.590312707,-1.689486203,0.081930616,0.781098071,0.482956331,-1.135408316,1.027765221,-0.330579078,-1.359992643,
2014,Neamt,-0.170735255,0.630960392,1.18932879,1.247735513,0.672315351,1.031977584,1.372855379,1.294005296,0.584210754,0.317818502,0.370984936,-0.050146837,0.269837266,0.1066399,1.122738765,0.933029681,1.83180274,0.376488741
2014,Salaj,0.383491808,0.654382515,0.368371427,0.941891122,0.174640503,0.617118135,0.639795286,1.354966459,0.832484269,0.63183999,0.738161917,0.58961034,-0.470782829,0.221811708,-1.015043104,-1.440874358,,
2014,Teleorman,0.431978072,0.305479969,0.894248622,-0.151610815,0.771483298,-0.295342987,0.935136605,-0.106478514,0.138127689,-0.0647792,0.023788722,-0.458701487,-1.071955479,-1.684246722,-0.011331377,-1.043985196,0.506805714,
2014,Gorj,-0.074737103,-0.079550251,0.921707383,-0.169764269,0.74739423,-0.056282915,1.341473603,0.056597163,0.223016797,0.660496265,-0.371445559,0.126697885,2.806015406,1.323854488,-0.492403593,-1.133099671,-0.206678839,0.624356273
2014,Buzau,0.653408366,0.398667657,-0.460538088,-0.315952685,0.052937362,0.010814169,-1.208863667,-0.924683912,0.640814341,0.674054843,0.735601874,0.986511268,-0.863655329,0.337474155,0.255522872,0.445197108,-0.30046674,-0.449773405
2014,Galati,0.007058367,-0.209669378,-1.545631438,-1.059685708,-1.164815414,-0.817333329,-1.625312292,-1.074014738,0.839261259,0.85119587,-1.302514932,-0.800098925,0.504347651,0.410945549,-0.959538074,-0.468756889,-0.262964811,
2014,Mures,0.710476261,0.246375314,-0.248776564,0.05086217,-0.121467718,-0.089086825,-0.247076336,0.429108681,0.456804614,0.772179869,0.846574888,0.663742105,0.440684398,0.846666159,,,,
2014,Hunedoara,-1.151418799,-0.469030616,-0.916217338,-0.351927453,-1.435591731,-0.789484325,0.242414598,0.423476872,0.209001856,0.214424278,-0.030937431,-0.129412783,1.279183739,0.366982963,-0.922937044,-0.947730371,0.278958653,-0.121663758
2014,Ilfov,-0.385341187,0.218115991,-0.626058009,-0.587825831,-0.43530402,-0.244536889,-0.541890687,-1.161244519,0.77755343,0.606310102,1.154726135,0.8559385,0.686116086,0.471756843,0.601026713,0.020050727,-0.420588849,0.500255832
2014,Olt,0.346520376,0.141185421,0.703488109,0.746267484,0.943131775,0.942269657,0.367916588,0.353508983,0.225025569,-0.12030668,-0.004936367,0.292451254,0.977665307,0.094535328,-0.237856184,0.376563671,-0.343629289,
2014,Dambovita,0.588617858,0.026769148,-0.759824418,-0.277976894,-0.585781208,-0.387808234,-0.95411951,-0.075561938,0.364830165,0.623532421,0.192289215,-0.851994799,0.779332135,0.241821783,0.575368268,0.244452792,1.062274293,-0.062822721
2014,Constanta,-2.664636022,-2.593309009,-2.160071422,-3.645262946,-3.186029386,-4.027299564,-0.391518677,-2.946706441,-3.862101053,-3.892216132,-2.516588465,-2.689546764,-1.50989417,-1.8095283,0.152906737,0.885737142,-0.702995374,0.869671354
2014,Suceava,-0.050900537,0.627549651,1.099850216,1.176664277,0.665936874,1.016630487,1.21837401,1.173983393,0.551882445,0.335634659,0.433398513,0.00831326,0.00244311,-0.011672747,2.399417641,1.648362939,2.302007056,1.604433963
2014,Prahova,-0.092840385,0.166457499,-0.848885947,-0.948637768,-0.67171277,-0.666160387,-0.643596812,-1.029808613,0.792130797,0.762242874,-0.405561377,0.03568369,0.709415088,1.070700388,0.359038071,0.5492436,-1.205913554,
2014,Arad,0.366502039,-0.153432642,0.825798785,0.009914634,0.891998657,-0.053104937,0.729809318,0.422125361,0.221544915,0.494854259,-0.983660773,-0.72340456,-1.143400585,0.807581848,-0.637345884,-1.277598583,-0.313225523,-1.120030654
2014,Vaslui,0.524055911,0.173554525,1.710173897,0.804309881,1.508776388,0.656081637,1.690341562,0.83640961,0.401095232,-0.065459711,-0.299028747,-0.164894545,-0.800490898,-0.009130615,0.747922281,0.272489664,1.412645048,1.671981364
2014,Tulcea,0.278540286,0.332409303,-0.584095931,0.127444974,-0.239650702,0.26776591,-0.850965112,-0.043719062,-0.11122422,0.019885814,0.735378774,1.040684945,-0.857495414,0.217913372,0.482249934,-0.135764448,-0.06217955,1.536487023
2014,Satu Mare,0.21723086,0.419051388,0.977917496,0.632115735,0.74693028,0.603821913,1.198151648,0.615430185,0.127339146,0.112293563,0.180500786,0.260820644,1.480676544,-0.770897853,-2.138599081,-0.599502059,-1.826061777,-1.647209995
2014,Ialomita,0.172171646,0.101582605,-0.029981579,0.227669029,-0.064476961,0.151805713,0.086593722,0.377836393,0.493758612,0.567057944,-0.279734714,-1.474910635,0.233190395,0.233885166,-0.9500061,-1.092431586,0.368017382,-0.19406985
2014,Calarasi,0.226854206,-0.334904435,-0.235403636,-0.471369323,-0.166485242,-0.521702874,-0.367397456,-0.179663774,0.41063924,0.696080305,-0.101824761,0.076733054,1.048201717,1.870706171,0.07488237,-0.088608036,-1.48420901,
2014,Mehedinti,0.158545562,0.134721349,-0.007649714,-0.550966717,0.030353358,-0.258764783,0.242351067,-0.84754614,0.661788086,0.255470589,-1.424559322,-1.628148872,0.519829873,-0.306302354,3.58302067,-1.791535938,3.392010557,1.694477596
2014,Valcea,-0.979641804,-1.479911151,1.133424401,0.02160072,1.044527528,0.117114725,1.007629229,0.305567459,0.276797002,0.716188629,-1.119153257,-1.221042793,0.209192055,1.076807224,-0.091217039,-0.806177006,1.220921664,
2014,Arges,0.72321997,0.371344143,0.248213155,-0.05988098,0.193771688,-0.123439902,0.186011048,0.128109203,0.469411959,0.665872718,1.03398877,0.885928231,-0.453301733,0.337626772,-0.319466697,-0.021638137,-0.447452989,-0.962354568
2014,Bistrita-Nasaud,0.191079675,0.118374199,0.150247801,0.291265206,0.418586761,0.545884799,-0.208453553,-0.142312833,0.332848559,0.424849794,-0.427810047,-0.105485942,0.332308825,-0.060920905,0.550609292,0.138385769,-0.26228726,1.020862214
2014,Caras-Severin,0.559355971,0.143283208,-1.123359196,0.374376789,-0.384307836,0.593718587,-2.105274388,-0.132277234,-0.293107124,-0.123223828,0.466759461,0.708774535,-0.442069578,-0.500634253,0.925701301,3.795837643,0.609807754,0.728003832
2014,Covasna,0.523237408,0.658544606,-1.740359012,-0.16817208,-1.405419887,-0.096989703,-1.719387521,-0.322237842,0.455646516,0.266047815,-0.63418214,-0.525334332,0.971530389,0.297748956,1.374252725,0.123267109,1.071587858,1.681409761
2014,Bacau,1.155383123,0.887757484,-0.258969636,0.663495873,0.161748622,0.719336075,-0.976506846,0.201347512,0.360111903,-0.068999202,0.561194152,0.811650528,-0.917519989,-1.344825635,-0.593339711,0.384212351,-0.607017337,-1.018625729
2014,Dolj,0.454462562,-0.003372817,-0.390120661,-0.452469064,-0.093898829,-0.347721639,-0.764849614,-0.422805941,0.605553431,0.637637996,0.914476103,1.083538882,-0.178312514,0.588969338,-0.81470809,0.130295556,-0.628259363,-0.643701611
2014,Iasi,0.28028998,0.368331238,-1.368738029,-1.223921019,-1.367093373,-1.097091367,-1.249425951,-1.346543501,0.666645339,0.787385761,-0.133016833,1.211776062,1.294778536,0.26044786,1.768278948,1.47150442,1.857430731,1.545679893
2014,Cluj,0.601867292,0.317399613,0.617288446,1.108177114,0.517651437,0.837599265,0.681326188,1.638731551,0.713307256,0.758012928,1.113052209,0.752651006,0.449602699,0.331096026,-1.38877097,-1.018334468,-0.92801466,-0.424369686
2014,Brasov,0.290226103,0.342527482,-0.363207327,-0.027630241,-0.019465733,0.107078392,-0.572504457,-0.139489117,0.174486542,0.251100518,0.019393285,0.533478515,-0.884650336,0.199001073,0.717748715,-0.478791348,-0.225969617,-0.045848387
2014,Giurgiu,-1.947923584,-1.415396853,-0.159123627,-0.131155158,-0.137555258,0.082226991,0.011756425,-0.283331404,-0.101507478,0.533724395,-0.454406699,-1.174824688,2.313919035,0.337699184,0.289621205,-0.501870882,0.538956515,-0.045194814
2014,Harghita,0.789599846,0.446167793,0.411874846,0.590345857,0.61850809,0.588619981,-0.111488872,0.435283753,-0.110808675,-0.020070718,-0.062341274,-0.87257085,-1.170650847,-0.301224663,-0.551345245,-0.626078273,-0.482873613,-0.236388962
2014,Botosani,0.612532611,0.281048743,1.296283055,1.295075054,1.541984881,1.232072347,0.719677414,1.226257718,-2.785583379,-2.306433322,0.763938438,0.52963542,-0.316505159,-0.702909174,0.272287241,0.05786162,0.69671415,-0.55187647
2014,Vrancea,0.976370728,0.349083758,-0.116277317,-0.780503852,0.051366481,-0.524883568,-0.518353364,-1.199789407,0.618814518,0.34627829,0.953329085,1.284574214,-0.944919747,0.036998862,-1.232848365,0.099843336,,
2015,Cluj,-0.169255767,-0.431376151,1.320473938,1.154658129,1.204597304,1.087334462,1.411449331,1.144045976,0.121473619,0.167681492,0.158869263,0.391476055,1.795317375,-0.618451226,1.55326131,0.968997221,-0.357389434,
2015,Giurgiu,0.318845638,0.281584032,-0.380016533,-1.673122515,0.01496973,-1.159745738,-0.796137457,-2.387543485,0.586214643,0.625079278,-1.800450026,-2.067348539,-0.288456312,-0.183901348,-0.616020764,-1.146337516,-0.272892886,
2015,Braila,-2.108901205,-1.518669129,-0.873542714,-1.360262924,-1.913319319,-1.923321379,0.411259922,-0.438493933,-4.672907663,-4.595781031,-1.008352694,-0.890448727,-1.542654876,-1.691604971,1.167472059,1.423689051,0.817050415,1.301211305
2015,Vrancea,-0.125305866,0.159014669,-1.579629505,-0.895462044,-1.425028504,-0.79640949,-1.457550663,-0.813398948,0.675718571,0.873864372,0.657728924,0.906643198,1.201432619,1.466989373,-1.712190871,-1.472422544,-1.805286217,-2.075755204
2015,Suceava,0.215593242,0.533259087,1.390505011,0.80555857,1.101098562,0.799335336,1.713886561,0.676091924,0.429450995,-0.148168118,0.040262009,-0.402880667,0.078422867,-0.528833726,2.783682806,-2.097687012,1.895399793,2.103185145
2015,Constanta,-3.276320338,-2.369993937,-2.577609115,-3.698026513,-3.538884614,-4.149512821,-0.790141278,-2.683846084,-3.990444958,-3.976053081,-2.89396882,-2.9038215,-1.641247463,-1.200629509,2.132867922,1.144255732,2.521095728,2.261701856
2015,Iasi,0.201073615,0.275995496,-0.653181405,0.128079331,-0.72482436,-0.038759219,-0.479692753,0.390379171,0.872381086,0.841572432,0.361546725,0.590117541,-0.576140577,0.136806345,-0.859404392,-0.770355409,-0.72090141,
2015,Mures,0.338205909,0.468484252,-0.063660105,0.659973234,0.068109193,0.648891324,-0.164551869,0.642875358,-1.064839621,-0.945889802,0.627735062,0.913559527,-1.089577504,-0.148759137,0.14462805,-0.153705933,0.033110071,0.417616228
2015,Satu Mare,-1.020755422,-0.376008776,1.099460709,1.004501891,0.990517435,0.987367879,1.107226113,1.017957047,-0.174663274,0.212543464,0.002194683,-0.626293163,0.969965134,-0.135225849,-0.724051051,-0.798874623,-0.211086258,-0.917232727
2015,Tulcea,0.134982477,-0.217367361,0.306506054,0.431030129,0.530591449,0.626795215,0.122754585,0.124061499,0.102081111,-0.102876913,2.220633272,2.218701201,0.399658217,-0.080241595,-1.060015832,-1.537292782,-1.830511962,-1.441225722
2015,Caras-Severin,0.190972298,0.514943054,-1.505017184,-0.898570916,-1.199946142,-0.502520274,-1.780810547,-1.642472743,0.517921533,0.237555753,-0.524452827,0.34466934,0.954320229,-0.238095905,3.43746036,0.912416791,2.925687989,1.854047165
2015,Prahova,0.377620804,0.687981881,-0.07357826,0.775602235,0.338225685,1.063678425,-0.289707905,0.132429405,0.153134833,0.097247215,-0.163268651,0.246994681,1.965665907,-1.237937817,-0.536555039,0.393448589,-0.717363011,-0.214288034
2015,Arad,0.04829119,0.24113144,0.437072283,0.024890599,0.310154836,0.137706524,0.801557163,-0.053362148,0.680463422,0.429247751,-0.588141002,-0.388258419,0.655417461,0.270963883,-0.125016951,-0.462083648,0.084672551,-0.441331436
2015,Ialomita,0.427220679,0.397469299,1.029026986,0.447759688,0.920276083,0.38688382,0.873919859,0.485148717,0.581697569,0.173970012,-0.694030969,-0.792195907,0.174367871,-0.135418174,-0.780272273,-0.502122463,-0.615855263,-0.282263943
2015,Dambovita,0.999167035,0.970798549,0.33116461,1.122111162,0.472730959,1.003346171,-0.016933988,1.000945196,0.329188571,-0.190251005,-0.571194196,-0.005605299,0.361077285,-1.53390083,-0.342291365,1.16894475,-0.383980972,0.130367837
2015,Hunedoara,0.027756266,-0.361849986,-0.532463462,-0.534165463,-0.87270996,-1.019575105,-0.063732063,0.33478379,-0.081353837,0.259024672,1.329890846,-0.212729897,-0.062385892,1.044458108,0.597028631,0.551775784,1.401278715,0.579963014
2015,Harghita,0.204907862,0.381556499,0.008843122,0.314700088,0.019743895,0.285226951,-0.039705163,0.374540973,0.33120838,0.228675785,-0.089784178,-0.694375391,0.213954241,0.213638672,-0.482099862,-0.861425924,0.36133019,-0.799352147
2015,Ilfov,-0.300718167,-0.261923509,-0.27430957,-0.983751169,-0.014275262,-0.673122593,-0.418137141,-1.170281789,0.27443682,0.643895913,0.922720041,1.447797382,1.715223822,0.954575982,-0.383450004,-0.780584014,-0.275877355,1.394074895
2015,Calarasi,0.654605578,-0.045598978,0.758696481,0.250154382,0.908225709,0.293624424,0.253168972,0.185419836,0.208726633,0.422746602,-0.439055179,0.42344282,-0.974139639,0.330627473,-0.094340215,-0.84047245,-0.965267715,0.243246132
2015,Galati,0.134021212,-0.320626867,-2.047178541,-1.756741307,-2.08618386,-1.536963103,-2.358098992,-1.727138652,0.571365514,0.966522733,-0.439498948,0.253612076,0.436837964,1.674598689,,,,
2015,Arges,0.450816483,0.261455239,0.416000945,1.049063212,0.346299436,0.730059728,0.601353555,1.716741283,0.720798414,0.861370154,1.005388209,0.852472781,0.072558932,0.542963404,0.263439454,0.450026995,-0.003109358,0.282093446
2015,Covasna,0.355159322,0.369475903,-1.074780701,-0.552704372,-0.760680971,-0.292294612,-1.502465418,-0.928284305,0.498014436,0.446618926,-1.572421466,-2.025850253,-0.764519083,0.052963809,1.673293455,1.698811157,2.538666017,0.636055011
2015,Alba,0.810119872,0.483346308,0.941952461,0.517472007,0.889612665,0.252151889,0.78767861,1.144122833,0.247462784,0.556102259,1.269905205,1.322417162,-1.140396127,1.250256057,-0.808531854,-0.897471886,-0.084667976,-1.178922278
2015,Teleorman,-0.095608462,0.409962605,-0.784438122,-0.020973203,-1.193104311,-0.250869362,-0.10106121,0.227050039,0.269487409,-0.334196973,0.247232781,0.753814448,-0.993905706,-1.709369375,-0.153596028,-0.962739049,-0.050450597,-0.301065883
2015,Gorj,0.804477792,0.739873204,0.386814028,0.207241933,0.662295866,0.174907909,-0.044044176,0.496123289,-0.257865988,0.41991029,-0.13037729,-0.218360587,0.486788546,0.674987052,1.101188584,0.067905063,1.043017777,-0.156819719
2015,Brasov,0.374607758,0.224946662,0.633842188,0.642360124,0.84303747,0.865583227,0.385615175,0.24554095,0.281605948,-0.073849531,-0.236015595,0.131042124,0.901417613,-0.035511585,0.497299878,-0.381676026,0.683938643,-1.114074229
2015,Vaslui,1.448087613,1.172816169,1.552860558,1.331423754,1.533872395,1.350933769,1.044643243,0.585233204,0.114287944,-0.8403069,0.502076696,1.180205226,-1.289539193,-1.971612141,-0.665562808,1.528389417,,
2015,Sibiu,0.003159444,-0.212081576,-0.029232821,0.782369958,-0.176892666,0.377659948,0.25191767,1.543688286,-3.379445699,-3.291060648,0.869486558,1.147925539,-1.741299374,-1.573959309,1.499702372,3.315761971,1.805271649,1.31364493
2015,Olt,-0.586759402,0.239966181,0.118642145,0.86090366,0.077289623,0.904853574,-0.135726035,0.60045942,-0.206603853,-0.131802177,-0.214185852,-0.176132969,-0.07757106,0.017430033,2.197114632,1.12565215,1.616619753,1.389964982
2015,Buzau,0.284543518,0.264337131,-0.566111165,0.025452204,-0.31234722,0.359637968,-0.785371924,-0.539374054,0.261655047,0.09937398,1.589837044,1.062572192,-0.041151544,-0.408258214,0.944463045,0.541733859,-0.742591322,1.659690244
2015,Timis,-0.129381565,0.09708777,-0.726880841,-0.796536458,-0.439451354,-0.531470141,-0.974993712,-1.07743673,-0.450761066,0.544022619,0.093185137,0.282542853,0.732970956,0.088338641,-0.183947621,-0.206719431,-0.165582515,-0.930916296
2015,Botosani,-0.629409488,0.064401103,-0.20120575,0.449717325,-0.653246099,0.031794747,0.362994202,0.745216027,0.730801368,0.632275504,-0.105202645,-0.802273643,1.355389477,0.520926189,-0.381471009,-0.211402677,-0.37115984,-0.041623971
2015,Mehedinti,0.938724185,0.584901909,0.102935174,-0.349812137,0.416093582,0.106571722,-0.358929281,-1.13113009,0.324334943,-0.400918802,-0.539995924,0.071672111,-0.455331858,-1.378796306,-1.248618523,0.050346679,,
2015,Maramures,0.21839935,-0.070557135,0.137951111,-0.667119277,-0.299097337,-0.953745147,0.6422042,-0.040137439,-0.205362596,0.002569366,0.176382451,-0.006883847,-0.849903919,0.066884688,0.183236533,-0.173643225,-1.064243759,-0.506557424
2015,Bacau,0.838467547,0.565648074,0.351575477,0.386895166,0.674008882,0.559650863,-0.312231529,-0.037099945,0.538338018,0.425989439,0.761287499,0.879684063,-0.94400738,0.22737162,-0.367784618,0.335645257,-0.573385885,-0.730587952
2015,Bistrita-Nasaud,-0.718416846,-1.267742564,0.994557401,0.058145801,0.97374765,0.141256826,0.717707445,0.309418228,0.343789611,0.738542249,-1.231285276,-1.224182163,0.226317186,0.943307356,0.071780323,-0.656489576,0.183515496,0.577685942
2015,Valcea,0.304644135,0.493552977,1.498565723,0.310862443,1.194494772,0.104114855,1.292404356,0.526093638,0.25496339,0.597845818,-1.378294472,-1.062353394,0.018704332,1.166637365,,,,
2015,Bihor,0.271922782,0.155385017,-0.235334429,0.252405268,-0.135740061,0.174912065,-0.24851055,0.259831266,0.564494129,0.620113837,0.158754012,-0.615571681,-0.139331655,0.139313647,1.492716373,-0.305018237,1.064524766,0.758053421
2015,Salaj,0.730949878,0.159966394,-0.254942404,-0.102388444,-0.149043655,-0.245847173,-0.23805045,0.296291847,0.649584479,0.911395108,1.07350025,0.800913071,0.384796216,1.516192689,-0.457104252,-0.335384042,-0.170744966,-0.77462509
2015,Neamt,0.281641896,0.511561875,1.514283814,0.820411582,1.219288491,0.797132309,1.768853178,0.703745717,0.39899651,-0.100575902,-0.043249091,-0.457677449,-0.010313583,-0.298058598,-1.699685852,0.224066428,-0.41066822,0.212054227
2015,Dolj,0.776521424,0.35167923,0.279877692,0.332648197,0.539511031,0.442157678,-0.137563161,0.044508809,0.701064851,0.587339641,1.02388989,1.57804719,-0.721945393,0.064966635,-0.243846405,0.744246671,-0.62909897,-1.457172891
2016,Ilfov,0.856032464,0.658035331,-0.962510687,-0.487183862,-0.134411461,-0.211246166,-1.887297661,-0.720532762,-0.304940014,0.311996126,1.695637368,1.093023976,-0.480832247,0.839405252,2.789190187,1.216353638,2.063182972,1.034096653
2016,Bistrita-Nasaud,0.074144009,0.183660347,1.513473908,0.158815498,1.230644538,-0.059337377,1.329680375,0.474350143,0.342235985,0.678299096,-1.317442539,-0.94179798,0.034407615,1.461336987,,,,
2016,Olt,0.434346936,0.099200526,0.861781916,0.093008292,0.875288397,0.178141952,0.81137704,-0.098391119,0.538544296,0.135359365,-0.648698644,-0.841788325,-0.582050571,0.162411742,-0.474864745,-2.111603052,0.230810835,0.014830623
2016,Brasov,-0.441743896,0.30943742,-0.021235815,0.610484981,-0.110430329,0.602958164,-0.160130311,0.461462405,0.129956733,0.199465538,-0.537580337,-0.514450962,-0.070052751,0.397836703,1.092878391,-0.230977082,0.655590277,0.708267454
2016,Timis,-2.750719053,-2.508002936,-0.554486645,-0.405439902,-0.307380118,-0.11854748,-0.568667025,-0.678330563,-0.206675721,0.399110577,0.205942386,-0.480102324,1.807631751,0.512048796,-0.787269222,-1.470701705,-0.585352776,-0.901021763
2016,Satu Mare,0.60959913,0.717736244,0.800614439,-0.338039452,0.837849601,-0.036454635,0.69103837,-1.012477991,0.341690774,-0.094633346,-1.563388241,-1.754613682,-0.241440008,-1.061323795,-0.136771722,-0.064153433,1.283554236,0.209306326
2016,Calarasi,0.238428525,0.665868063,1.226901079,0.841166508,1.183699724,0.940169184,0.910256155,0.423694237,0.332507128,0.076558631,0.374632425,0.438071425,-0.189846538,-0.238072516,-0.543304337,0.350796932,-0.59667788,-0.65525808
2016,Botosani,0.528193343,0.216539448,-0.263711971,0.220639059,-0.247494611,-0.025638246,-0.401185,0.644630706,0.315811949,0.634487608,1.126701664,-0.107195007,1.146043244,0.219875348,-1.079435663,-0.829407205,-2.2484927,-1.437871139
2016,Buzau,0.538216134,0.684012378,-1.703232353,-0.168441191,-1.162020468,0.01741128,-1.966780179,-0.366800675,0.179342422,0.047188012,0.866813804,0.946088393,0.898310981,0.956883217,3.545008385,0.650076935,2.14248556,3.280509521
2016,Sibiu,-0.405368223,0.129943868,-0.829529357,-0.609766691,-1.275407591,-0.698145773,-0.032145084,-0.463307484,-0.110169909,-0.21951597,0.235063498,0.549453069,0.17758056,-1.140308214,-0.100057117,0.554044505,0.889642993,0.757184097
2016,Valcea,-0.331665429,0.108850809,-1.01541042,-0.677790739,-0.926568708,-0.486428662,-0.836661218,-0.846438565,0.593845376,0.663248933,-1.20193888,-2.277248039,0.680527098,0.41015492,-1.421401433,-0.005606513,-0.477717775,-0.366500027
2016,Prahova,-2.000187533,-2.48191506,0.913279524,-0.179715121,0.935914464,-0.045094546,0.784434151,0.063354336,0.188980412,0.632951588,-0.627229696,-0.937015097,0.128544087,1.975395403,-0.605115927,-1.036391685,-0.430963973,0.472434623
2016,Gorj,-0.621897009,0.086934927,-0.945413615,-0.592443878,-1.062480598,-0.606743129,-0.56858026,-0.441943286,0.668231004,0.748074869,-1.649956226,-2.164427911,1.043375625,1.278177625,1.143442375,1.527416655,1.369201202,0.446812478
2016,Tulcea,-0.310831756,0.229372504,-0.058441724,0.837004706,-0.21785387,0.800585672,-0.419930107,0.627579807,-0.527233347,-0.340642714,1.81442868,1.49526365,-0.512391422,-0.754328027,2.205653506,0.843505306,1.332641681,1.17488437
2016,Cluj,0.473407639,0.112311028,0.217518361,1.545845988,0.634201764,1.470796815,-0.570955563,1.438007238,-1.861182209,-1.788680032,0.222892797,0.381091436,-0.8320981,-0.962706149,1.067016716,3.142487273,0.832651083,0.754052092
2016,Mures,0.128546102,-0.206341655,0.822616246,0.940351187,0.839064525,0.956319393,0.868408804,0.905727325,-0.344514459,-0.591446649,2.149250739,2.022871116,0.037135007,-0.558441649,0.439138999,-0.464155596,0.86679801,-1.135571639
2016,Giurgiu,-0.099111236,-0.320006816,-1.643619508,-1.496051984,-1.262129107,-1.252959553,-1.813549926,-1.781599798,0.578104842,0.754489339,-2.314493785,-1.550023237,0.161387016,0.229391088,-0.235396017,-1.179360186,0.045555897,1.315858345
2016,Constanta,-2.691073949,-2.4796632,-2.609818988,-3.967968966,-3.456949144,-4.269554002,-0.970776153,-3.236344759,-2.209086399,-2.095781199,-2.892540793,-2.874962812,-1.619744984,-1.963659973,2.677733028,0.693948989,2.648021592,0.183038019
2016,Braila,-1.480489375,-1.659733832,-0.485670704,-1.937304602,-1.107425264,-2.366753413,0.547266702,-1.253030654,-1.450389153,-1.468067288,-0.988757162,-1.178150498,-2.347127966,-1.067959372,2.315945857,0.423546123,2.258762962,2.236928218
2016,Covasna,-0.309805793,-0.067199553,-1.452835621,-1.067699216,-1.274673162,-0.882250764,-1.323220262,-1.088647107,0.610047445,0.654376696,-1.225300758,-1.639921538,1.032814087,1.868497681,-0.115008144,-1.910973902,-0.724883948,0.209306326
2016,Arges,-0.280157315,-0.638578038,1.094896419,0.977466532,1.016958012,0.906920087,1.261339107,1.072389699,-0.104347701,-0.12743895,0.616340331,1.063220429,1.462020146,-0.527212296,-1.671169083,-0.231877391,-1.207523031,
2016,Iasi,0.389635512,-0.015834873,-1.207987026,-0.787520718,-1.120021231,-0.82440373,-1.305798414,-0.521745714,0.582561828,1.043424795,0.78458573,0.771779189,0.670723077,1.376858169,-0.019767436,0.229525295,-1.444384028,-1.248019629
2016,Alba,-0.46888987,0.526945921,0.601416893,0.48973318,0.423941692,0.54310188,1.050162968,0.366678651,0.740136413,0.514405963,0.650775284,0.441115096,0.917941625,0.333040987,-0.53981885,-0.748164372,-0.049404177,-1.05552797
2016,Vaslui,0.536523485,0.756688664,0.748518621,0.548449127,0.70262513,0.55284295,0.760683728,0.614886927,0.541893551,0.397344153,0.896587119,1.47911236,0.225720217,-0.061948103,-0.268014882,0.06369619,-1.046629733,
2016,Hunedoara,0.76960991,0.388693628,-0.245659714,0.321446623,-0.545523902,-0.036488963,0.224941587,0.889830125,-0.170862705,-0.275177196,0.694551371,0.312700794,-1.95695602,-1.350318407,-0.039709704,1.087673156,-0.299114098,1.2179648
2016,Arad,-0.07988191,-0.086250274,0.842290447,-0.393850809,0.784223114,-0.21121136,1.087185882,-0.320660925,0.33694527,0.680377994,-0.581430478,0.13256884,1.536214997,1.193599252,0.607778121,-1.167592205,0.230947499,0.792307491
2016,Galati,0.16813748,-0.229889956,-1.34010603,-1.093731128,-0.702551561,-0.78142519,-1.919398829,-1.401618048,0.359910764,0.493257569,-0.392165563,0.500344289,-1.024975752,0.382250271,-0.193315921,-0.550012771,-0.461404666,1.215495051
2016,Harghita,0.030027365,0.111318023,0.363353895,-0.003041099,0.100799938,0.003065219,0.726018818,0.067892348,0.471326903,0.367079278,0.016462883,-0.152182437,0.124463996,0.380103887,,,,
2016,Neamt,1.017807073,0.770640083,1.946706934,1.10306497,1.783655215,1.212241405,1.65606241,0.353258187,-0.011252518,-0.929283522,0.281085305,0.836556355,-0.368918224,-1.884300457,-0.619570285,0.845059615,,
2016,Caras-Severin,0.280187607,0.324513604,-0.743486445,-0.146950627,-0.486201327,-0.107973137,-0.93991966,-0.248961888,0.892631446,0.730537873,-0.243120384,-0.13171119,0.180695748,0.406827621,-1.142982915,-0.632027458,-0.742789168,-1.281754026
2016,Maramures,0.071242279,-0.142145205,0.285524141,0.357436059,-0.24205834,-0.207056002,1.057901958,1.383633816,0.056736744,0.154246037,-0.063168713,-0.185413763,-0.594045942,-0.179940604,0.085394214,0.210183747,-0.386360186,1.836945223
2016,Mehedinti,-0.256956541,0.087502514,-0.745396336,-0.919078045,-0.64544879,-0.663071102,-0.401444691,-0.909339691,0.821722275,0.757483755,-0.864934488,-0.528691994,1.140170257,1.339676375,-1.276214385,-0.356725837,-0.996660701,-1.174959877
2016,Ialomita,1.277821649,0.916130843,1.505000554,1.383705153,1.512364668,1.382465772,1.113133065,1.117260863,0.152627339,-0.253408281,0.635100028,1.05347201,-0.144649263,-0.148237399,-0.224372667,-0.52693797,-0.491605314,-1.247017617
2016,Dambovita,0.763188029,0.455224677,0.929194869,0.58694368,0.926175233,0.626201125,0.775855171,0.669014118,0.561034739,0.371797237,0.300463818,0.297772459,-0.926546901,0.314549765,0.962001009,1.012515379,0.285788824,0.028506514
2016,Teleorman,0.322435173,-0.025186214,0.784179612,0.312174282,0.38978149,-0.133605513,1.068820689,1.113654544,-0.161285363,0.02794141,0.554688718,0.900198377,-0.99515987,0.113425123,-0.458833761,-1.291669634,-0.426419364,-1.080955824
2016,Vrancea,-0.000854287,0.093835032,-0.137752713,0.547437974,0.101785408,0.738655769,-0.225970226,0.124351001,0.443568889,0.608574498,0.905445795,1.120817104,0.762065799,-0.32517279,-0.116351791,-0.012218836,0.488967335,-0.64637861
2016,Salaj,0.324439621,0.506618179,-0.178958271,0.556825244,-0.041817864,0.543919568,-0.199722589,0.582030908,-0.769027675,-0.663029247,0.819446902,0.998456922,-0.831320899,-0.166550483,-0.70775936,-0.366404826,-0.787812886,-0.661623119
2016,Suceava,0.915135674,0.693952036,1.841196848,0.971355849,1.682087164,1.093605088,1.612167057,0.323511053,-0.024221185,-0.862424722,0.356908786,1.020696476,-0.341672043,-1.762851473,-0.860455949,0.664728149,-1.18756105,
2016,Bacau,0.328428321,0.274443699,0.257594296,0.611017006,0.319180606,0.792028661,0.083027377,0.188004711,0.147971686,-0.037877049,1.001805828,0.370421228,0.07505815,-0.551706063,0.977963375,1.253722941,0.23593449,1.179260805
2016,Dolj,0.108213,0.173204714,-0.454716622,-0.394570952,-0.270754624,-0.229340295,-0.664306264,-0.489599003,-0.335514842,0.614077859,1.121968726,0.937731775,0.350793235,0.626175829,-0.054059555,-0.160651187,0.126894924,
2016,Bihor,0.587648898,0.495092418,0.636454267,0.44863329,0.800331466,0.477152311,0.192456413,0.258263426,0.559307056,0.210917527,0.081464816,-0.14719737,-0.001851863,-0.202561893,-0.431340538,-0.490179545,-0.414424301,-0.423043919
2017,Mehedinti,0.383311325,0.636813566,0.050779234,0.733588652,0.406812792,1.01027094,-0.114152032,0.184392455,0.161780225,0.089379853,-0.531883456,-0.035538784,1.840044705,-1.11251022,0.217483777,-0.087889585,0.205689677,1.341482211
2017,Bihor,1.229656708,0.907017315,1.136927854,1.386096676,1.281460153,1.376218331,0.585063365,1.001906483,0.41952392,0.046785322,1.268370436,1.646978412,-0.793561079,-0.474693575,-0.514708897,0.13303373,-1.025853868,-1.218054438
2017,Valcea,0.005009861,-0.360526783,0.34870586,-0.772457399,0.394196393,-0.635430103,0.340565304,-0.568037171,0.34060678,0.613328514,-0.981780786,-1.237289078,0.87449932,1.912026894,-0.938031966,-0.493675142,-0.712296759,-0.307635993
2017,Olt,1.326589536,0.97764773,0.831785309,0.582857207,1.06229427,0.82479756,0.135746315,-0.341554506,0.235956197,-0.631545594,0.319335533,0.850128831,-1.298432263,-1.660473016,-0.747261955,-0.533640299,-1.68298748,
2017,Dambovita,0.385163877,0.36230131,0.819337515,1.022650231,0.647345721,1.068778593,0.911574399,0.829957337,0.185191382,-0.115614224,0.333020035,-0.030188394,0.400586387,-0.829873558,-0.616054535,-0.250659774,-0.794456938,0.03488643
2017,Suceava,-0.284712609,0.104349857,0.684371106,0.250257068,0.32351894,0.162097657,1.160616962,0.451153484,0.718222532,0.554461096,0.244315843,-0.210214176,1.248017596,0.992733386,-0.733543635,0.187576291,-0.602591663,-0.720317274
2017,Tulcea,0.392815945,-0.016488867,0.579886726,-0.017076664,0.735103322,-0.013099233,0.40192179,-0.189312189,0.67927555,0.528090126,1.093239049,0.666393713,-1.305799072,-0.110118675,2.589576648,0.293534142,1.771853911,1.55882725
2017,Ialomita,0.491095833,0.495313531,1.122898421,0.739922941,1.09274622,0.707508447,1.118571177,0.815090706,0.03433452,0.186410102,0.994945692,1.148968462,0.55665344,-0.069487213,0.907582348,0.052669144,0.324836766,0.472434623
2017,Alba,-0.226120583,0.048788493,1.082501877,0.285469795,0.931876422,0.2748407,1.237765852,0.423657402,0.225732965,0.20264075,0.563454129,1.031553685,1.44400257,-0.184370961,1.119341403,-0.055361428,0.722983601,0.685155201
2017,Satu Mare,-0.0059281,0.487056913,-0.613009123,0.006769888,-0.852485854,0.039316217,-0.24269452,-0.222543809,0.37826174,0.018983308,-1.071032744,-0.560049891,0.660504919,-1.09899366,-0.531485796,-0.252152033,,
2017,Hunedoara,0.351849889,0.399746839,0.328963311,0.370403841,0.124769233,0.190592205,0.628078072,0.55111994,-0.016731397,0.031888346,0.095122387,0.630741752,-1.480465014,-1.239827506,-0.106418724,-0.633898395,-1.910580658,0.441932889
2017,Ilfov,-0.837774331,-0.275564538,-2.05922915,-1.253933548,-1.852761346,-1.183967112,-1.695117437,-1.282037604,0.783726874,0.956634011,-0.885979039,-0.878640549,1.405242625,2.143969638,2.436993699,1.399907068,1.790089493,1.070022606
2017,Harghita,-0.357964192,0.055795563,0.754467202,0.543084769,0.311801258,0.344093415,1.421231247,1.03775262,0.722797353,0.740212747,0.097326661,0.057732864,2.151223011,0.687082506,-0.174968696,0.069379821,-0.082383762,-0.656495708
2017,Braila,-0.886620433,-0.905394899,-0.567402401,-1.858946645,-1.251331927,-2.132881211,0.490927322,-1.479772834,-1.500753078,-1.766416312,-1.164690616,-0.588574726,-2.245684508,-1.950377198,-0.594892338,0.24711333,,
2017,Arad,0.902248164,0.565304815,0.051461558,-0.081907083,0.404217558,-0.121121004,-0.476901826,0.265845394,-0.243904959,0.502731601,-0.237838253,-0.478949607,0.193201581,1.071415541,3.308506284,0.480856545,2.716627006,1.236769591
2017,Caras-Severin,0.559499135,-0.09358193,-1.277011625,-1.131222261,-1.045696831,-0.970228878,-1.613935985,-1.161963132,0.656645246,0.934762163,0.941121551,0.951449016,0.622479011,2.389021392,-0.66093451,-0.303864798,-1.058962896,-1.369463459
2017,Giurgiu,0.312829781,-0.209154295,-0.031465193,-0.650705531,0.238588229,-0.491343202,-0.292512325,-0.550623921,0.475289878,0.696315343,-1.385213407,-0.796981979,-0.226210737,0.841361641,0.573997738,-0.979019942,-0.60081175,0.48165641
2017,Vrancea,-2.604009939,-3.234551644,0.186487827,-0.178502399,0.402890555,-0.175173441,-0.322592044,0.152134026,0.12525613,0.671678624,0.989091986,0.978151251,-0.549021032,2.077563119,-0.096622815,-0.424084982,-0.376735156,-0.392392648
2017,Vaslui,0.797650014,1.410763082,1.45384137,2.178494372,1.470356431,2.077204003,1.247918648,1.92443233,-0.08767595,-0.1429577,1.055604918,1.164775772,1.429362013,-1.51465826,-0.28735708,0.369204841,0.620010868,-0.306415103
2017,Brasov,0.387529921,0.117794765,0.59138813,-0.128753715,0.606074522,0.03267656,0.641399314,-0.349093289,0.585213277,0.15494708,-1.046715268,-1.181393845,-0.269197768,0.028178027,-1.029410424,0.064800781,-0.938274455,0.694561923
2017,Dolj,-3.405857412,-3.430437594,-0.187001132,0.037424362,0.030898063,0.251498758,-0.274110976,-0.16668371,-0.022685012,0.280015629,2.017119872,1.07517147,1.2067819,0.272524816,1.041869877,-0.284318607,2.552208937,-0.392340961
2017,Bistrita-Nasaud,-0.527280151,0.076796598,-1.04027078,-0.648081289,-1.003852856,-0.463178278,-0.827139287,-0.893524333,0.634957245,0.645955282,-0.855327579,-1.912140948,0.831642645,0.514354499,-0.564718892,-1.57447403,0.425862708,0.032176058
2017,Calarasi,0.053058046,0.480388362,0.572735158,0.694920719,0.338848715,0.641367172,0.567095466,0.673604232,0.473533014,0.490582823,-0.076998521,-0.546797081,-0.297632443,0.144818797,2.00178842,1.059898238,2.25837238,1.655938836
2017,Buzau,0.55737323,0.384929041,-1.188516468,-0.51321939,-0.766315144,-0.306840493,-1.788086485,-1.068258802,0.509791029,0.580449141,-0.147912516,-0.133920337,-0.804364511,0.005610247,1.044072274,0.502047279,2.31731341,0.987762567
2017,Botosani,1.141163104,1.036376877,0.431813564,1.507250183,0.589263624,1.323706297,-0.155845639,1.322216632,0.24347771,-0.287878196,0.789153901,0.946128081,-0.664472307,-1.673328301,,,,
2017,Salaj,0.0982877,-0.170025683,0.674542867,0.83973408,0.782529627,0.863227428,0.623063134,0.790903654,-0.39310986,-0.651980493,2.089316418,2.002229394,0.359275173,0.035524852,-0.205150456,-0.865028218,0.728586551,-1.420444566
2017,Iasi,0.200982779,0.066319203,-0.760069012,-0.171163372,-0.444291112,-0.093342281,-1.084241771,-0.227235443,0.334559625,0.459439424,0.535648315,1.091532242,-1.225463003,0.465247825,-2.145640829,-2.901709004,-2.169041448,-0.590844484
2017,Sibiu,-0.114369367,0.258744043,0.287512709,0.439210038,-0.30336271,-0.077238725,1.118832665,1.191429961,0.142936235,-0.038009896,0.129076426,0.26865902,-0.896598573,-0.306146526,-0.93867085,-0.24759343,-0.440778967,
2017,Galati,-0.027949124,-0.111099356,-0.542939391,-0.604163552,-0.197838066,-0.211737502,-0.857917009,-1.194741878,0.403476318,0.385222008,-0.109654389,0.273915629,0.846625515,0.526712312,-0.160683035,1.228186902,-0.34834339,0.195457468
2017,Mures,-0.2266381,0.268383726,0.574344923,1.40337051,0.147228754,1.119593404,0.503618199,1.59741844,-1.496911532,-1.314233391,1.557572762,1.169302403,-0.564293717,-1.09675412,0.02057692,-0.798223597,-0.189048801,-0.3441119
2017,Maramures,-0.819330663,-1.001564646,0.971675226,0.390966054,0.443658224,0.05761376,1.673045757,0.791306118,-1.14842261,-1.168751254,-0.497678011,-0.065967206,0.637158613,-1.300108762,0.96629331,0.940800559,0.011990696,
2017,Cluj,0.038420532,0.600875136,-0.239377641,0.36942777,-0.319164503,0.480950771,-0.267458285,-0.142057745,0.512203277,-0.097445796,0.180185119,0.610123155,0.590959915,-0.8840536,-1.635252974,-0.78177718,-0.659317048,-0.333840261
2017,Covasna,0.032375912,-0.063923364,-1.026391714,-1.133004038,-0.839470583,-0.831010009,-0.956913255,-1.294039881,0.589292752,0.511946128,-0.857035252,-0.277555735,-0.109220054,0.442007239,-0.069385234,0.16073684,-1.166977095,-1.056031222
2017,Timis,0.645218901,0.564278444,-0.673956751,-1.710741205,-0.154560244,-1.148301712,-1.260502931,-2.662839453,0.597998337,0.560179866,-1.854920641,-2.220708608,-0.476338826,-0.608797763,1.87172039,0.522170573,3.331510458,-1.402354496
2017,Constanta,-2.983975677,-2.386835344,-2.281808151,-3.834947661,-3.305014166,-4.169036975,-0.433237842,-3.17313266,-2.157902518,-2.183888743,-2.186476436,-3.37652753,-2.312536701,-1.862328898,-1.310248159,-0.783412233,-0.235515233,-1.156936757
2017,Teleorman,-0.074904661,0.465687119,1.021827085,0.490987186,0.606536916,0.272380264,1.748448739,0.670350049,0.259605343,-0.147605954,0.274111907,0.011836361,-0.592841414,-1.375794003,0.736108191,0.366973011,-0.027647917,-0.301472134
2017,Bacau,0.418446231,0.810758355,-0.89021642,0.555405618,-0.472516084,0.665458477,-1.143684591,0.421913544,0.034564835,-0.114378824,0.268290951,0.237858186,1.175131635,0.384959429,2.622578784,0.765504536,1.93439502,2.20034723
2017,Arges,0.53747077,0.198164276,0.057876022,1.371113088,0.43264725,1.262588056,-0.528160294,1.465073682,-1.774796592,-1.652540747,1.161999993,1.416577927,-1.152282588,-1.030587468,0.376099857,1.872675821,-0.148823598,0.0074485
2017,Neamt,-0.213947348,0.106017972,0.794287126,0.286583711,0.428848835,0.178804918,1.230514993,0.495193604,0.685568138,0.538931874,0.178072071,-0.298703066,1.19871483,1.057594267,-0.720006238,-1.2283443,-1.784471577,
2017,Prahova,0.601569798,1.119692188,1.044198206,0.739212455,0.84818023,0.611684523,0.62624954,0.645798678,0.010991275,0.137255523,-1.172914145,-0.625097653,-0.016717304,0.218271372,,,,
2017,Gorj,0.525840199,-0.154303553,-1.171001184,-0.700460382,-0.88399116,-0.727348117,-1.316571212,-0.514319959,0.414909941,0.710409404,-0.712343685,-1.760184401,0.830938538,0.762389131,-0.539280744,-0.809389559,-0.755998985,0.463545154
2018,Buzau,-0.179986224,0.290934425,-1.104285236,-0.460287795,-0.868012362,-0.248021139,-1.16921609,-0.929301084,0.690024722,0.557624295,0.738930442,-0.468777208,-0.023279326,0.266636154,-1.341775325,0.279879286,-0.822235432,-0.798227668
2018,Cluj,0.529065675,0.689860459,0.747858173,1.002727454,0.580528422,0.72264602,0.842777453,1.315699858,0.771886451,0.504015006,0.084565855,0.043178697,-0.041988809,0.076677821,-1.451156639,-1.053212559,-0.96416013,
2018,Bihor,0.627406501,0.508989132,0.872780817,0.585209737,0.943735474,0.571730536,0.604840907,0.554486549,-0.111094547,0.282981263,1.333607012,1.069367703,0.126564347,0.182809399,0.207662287,0.153105793,0.375070086,0.318943117
2018,Brasov,1.248797854,0.894933558,0.636639695,0.335809696,0.886871789,0.639837217,-0.013499087,-0.557757387,0.271735771,-0.584664706,-0.085505965,0.480897993,-1.166408992,-1.627190951,-0.025095572,1.670475286,,
2018,Harghita,0.08916131,0.107303339,1.388734027,0.517929905,1.115545448,0.409762577,1.570014246,0.766338807,0.299005479,0.542621284,-0.405936656,-0.184651771,1.419951684,0.96004923,0.330588227,1.004088157,-0.979744541,
2018,Arad,-0.789597201,-0.008873171,-1.027629621,-0.79843236,-1.006529737,-0.726008214,-0.626991142,-0.662576511,0.718255778,0.734911089,-2.114740317,-2.353008162,0.839183862,1.199561991,1.30204517,-0.143948145,1.129229603,0.841666933
2018,Dolj,0.843912197,0.702506589,-0.036601199,-1.055687305,0.306612009,-0.682385854,-0.544841266,-1.729226904,0.724964045,0.768256204,0.315362654,-0.397451154,-0.425854999,-0.815207494,2.183756138,0.356252544,3.315637219,-0.213987022
2018,Botosani,0.961675109,0.851804996,1.12577522,1.18910936,1.141561767,1.119332323,0.699096727,0.976379937,0.417071659,0.139601121,0.761067909,0.986722074,-1.00908664,-0.425823036,0.322483452,-0.361945417,-0.072415475,0.396459177
2018,Sibiu,0.259931226,-0.222336392,-0.317318964,-0.469045501,-0.569669084,-0.820736666,0.227679143,0.218820143,0.041822211,0.256883391,0.425423887,0.145757568,-0.371538025,0.4969591,0.094420283,0.476880077,-1.160868334,-1.501027607
2018,Satu Mare,0.299496194,-0.169665933,1.264886615,0.465900795,1.087330088,0.198941276,1.370445132,1.091456721,0.195266698,0.42153141,-0.27662009,-0.117956938,-0.723825527,0.961347232,,,,
2018,Constanta,-2.353311233,-2.444603839,-2.310567774,-4.251653389,-3.306441223,-4.578395414,-0.602039576,-3.38663785,-2.152470937,-1.978761777,-2.808938728,-2.786025367,-1.819050925,-1.048363527,-1.812426915,-0.942787886,-1.881674739,-2.136294497
2018,Vaslui,-2.86499343,-3.417693302,1.998876167,1.049084878,1.814809564,0.897073711,1.778842371,1.387815967,-1.565319713,-1.368956786,0.019174304,-0.069450498,-0.116831186,1.370014843,1.415438027,1.44316231,1.377581173,0.005381896
2018,Salaj,-0.530131368,0.218757119,0.449213932,1.309426922,0.176786008,1.140928845,0.26620271,1.323028628,-1.622637968,-1.481944365,1.686674402,1.503980096,-0.672862251,-0.968469287,-0.007845271,-0.895434925,0.116316766,0.361100669
2018,Gorj,0.936100468,0.865063743,0.129782293,0.748000344,0.339639337,0.738945678,-0.162248842,0.579888699,0.304115975,-0.122488134,-0.92731827,-0.524237756,-0.115796248,-1.39159882,-0.057083828,0.937189849,-0.230023513,0.238295037
2018,Neamt,0.785730738,1.107024958,1.623817447,1.812701949,1.603922833,1.762158376,1.197218406,1.300907765,-0.053743763,-0.446163813,0.088901756,0.618582431,0.639675928,-1.185267555,0.500695475,0.755490139,-0.017745307,0.234537807
2018,Mures,0.44300661,0.072202151,1.186350665,0.555760356,1.171601315,0.346147534,1.123415877,0.712870143,0.27181162,0.153870722,1.047702569,0.650276079,-1.648145921,-0.215684207,-1.330567306,-0.368646933,-0.763367982,0.933441074
2018,Ialomita,-2.003940986,-1.884195451,1.084723627,0.978516297,1.137337216,1.02616701,0.936314235,0.904770631,-0.535499551,-0.270662917,0.419812437,-0.448813513,0.235823735,0.039645658,1.632478625,-0.587271555,3.657207669,-0.150763976
2018,Prahova,0.042295516,-0.002095126,-1.158758902,-0.770318516,-0.975337853,-0.586916961,-1.095982204,-0.933433838,0.565040692,0.754286132,-1.401526578,-2.454029486,0.478024962,0.483899426,-1.685717489,-2.296971185,-0.833427713,-1.831747167
2018,Galati,-0.185418982,0.111959488,-1.074489345,-0.548101208,-1.10662181,-0.461723504,-1.258350624,-0.77001725,0.267889739,0.446448664,-0.3699634,-0.323914601,-0.26860658,0.869542181,1.775196478,0.628163997,2.104636532,0.298982023
2018,Maramures,-0.117433212,-0.481760009,0.010418721,0.696811458,-0.12934227,0.302835376,0.095265945,1.211683934,-3.858267788,-3.794814043,-0.200452256,-0.001062032,-1.600345955,-1.434240999,1.494179123,1.235366994,1.668599223,0.448160795
2018,Bistrita-Nasaud,-0.104085531,-0.470485865,0.264635907,-0.77282105,0.270976906,-0.666518074,0.26465692,-0.538081194,0.314877831,0.651893838,-0.726846692,-0.895093461,1.227818326,2.202186803,0.743734544,-0.135784703,-0.386324284,0.700828082
2018,Alba,0.817483412,0.752818152,0.372070673,0.906838976,0.817788914,0.940959644,-0.270650332,0.835385034,-1.091799819,-0.486325913,2.288654455,1.55039614,-0.759180941,-0.460784286,2.800579926,-0.092691209,2.076380643,0.81558072
2018,Vrancea,0.168762766,0.54859834,0.815705869,0.39968645,0.635330794,0.241135357,0.32050103,0.302498553,-0.121811528,0.219464947,0.179056054,0.516021903,-0.438375509,0.239527454,,,,
2018,Mehedinti,-1.526330309,-1.991023087,1.11782862,-0.104949115,1.022190271,-0.004334747,1.123359669,0.213606849,0.22100509,0.670444313,-0.883116195,-1.120132882,0.264596663,1.62187047,0.087570052,-0.831556242,1.347177699,-0.209000198
2018,Teleorman,-0.576194755,-0.461836963,0.97250632,0.116153813,0.414843439,-0.223246485,1.713373098,0.750175147,-1.216775448,-1.029853762,0.084335145,0.493845478,0.973289246,-0.163473423,-0.307576406,-1.507023494,0.133059123,1.615936103
2018,Calarasi,-0.019539153,0.449365645,0.773546416,0.355471106,0.58356873,0.496498512,1.16110036,0.071405608,0.559030998,-0.043297152,-0.252277908,-0.659885113,0.780973053,-0.853570106,0.02408305,3.656047275,1.510091499,0.174063914
2018,Suceava,0.780486171,0.988401706,1.566021878,1.683107835,1.585124946,1.674976156,1.093902635,1.190963753,-0.048029814,-0.346051351,0.209988699,0.715380005,0.278747627,-1.070284942,-0.014796357,-0.046599254,0.852112025,-0.249275185
2018,Tulcea,1.174154997,0.751945409,0.577738745,0.094337353,0.768708044,0.270312417,0.113712377,-0.393588669,0.461945543,0.027431067,1.040126815,1.216636278,-1.370584711,-0.573623876,-0.422489393,0.117408926,-0.598207719,
2018,Olt,0.298460976,0.483700836,-0.071223139,-0.195988761,0.029371153,-0.033508252,-0.00924061,-0.247285055,0.654253232,0.628033766,0.565971251,1.122871558,0.34185406,0.506981833,-0.536338404,0.226267428,0.329179414,0.198164085
2018,Ilfov,0.346846976,-0.446348274,-2.265826942,-1.512753217,-1.793345884,-1.442924096,-2.590164,-1.48437656,0.688404343,1.024675294,0.794963391,-0.740923542,0.735821874,2.10356332,-1.364518072,-0.299674135,-1.254907071,-1.376659595
2018,Dambovita,0.470579289,0.908949026,-0.350235485,1.167084121,-0.134314821,1.179602969,-0.498251175,1.02959566,0.047398989,-0.209057075,0.054179846,0.051153016,0.987199092,-0.608463322,0.054578382,-0.299330607,-0.030142566,1.223683776
2018,Valcea,0.692922066,0.271017851,0.843137745,0.053965414,1.025164766,0.309768263,0.366766459,-0.239644372,0.149928047,0.180261392,-0.491681533,-0.075875501,-0.210317641,0.227888136,1.284264997,0.766184402,0.052032765,0.518597483
2018,Braila,-1.265956795,-0.900287017,-1.34100156,-1.975822045,-2.086451247,-2.344712605,0.007479052,-1.309550287,-1.181047295,-1.272623233,-1.347640244,-1.047214088,-0.633038309,-1.567949892,-0.509261112,-0.675881683,-1.071716672,
2018,Arges,0.124896335,0.632397813,-0.643527458,-0.0273577,-0.691830222,0.126612285,-0.504817115,-0.378287179,0.530679146,0.234233442,0.674432106,0.920858349,0.762009208,-0.708913984,0.268686559,1.309448865,1.332542833,1.150887236
2018,Hunedoara,-0.1241675,-0.047061712,0.435571034,0.595641618,0.021746287,0.319118048,1.023585403,0.88322645,-1.696977607,-1.870934113,1.270200994,0.906979895,-0.661583592,-1.090304351,0.71413867,0.532820157,0.364301295,0.439304668
2018,Covasna,-0.489962929,-0.287690396,-0.645409001,-0.456294387,-0.605896302,-0.385146585,-0.301675349,-0.062268388,0.820315188,0.706471985,-0.774318697,-0.309453058,1.75308392,1.426084599,-2.090940291,1.637372807,-1.786267532,-1.774355769
2018,Timis,0.035053528,0.053227552,-2.251157259,-1.545030618,-1.749014792,-1.242163824,-2.511013536,-2.108327,0.393163718,0.543264238,-2.130818214,-1.480655298,-0.20181584,-0.125392521,-0.814907538,-1.544994261,,
2018,Iasi,0.07421712,-0.255547203,0.166590114,0.158400977,0.240838141,0.315012705,0.093264275,-0.121735214,0.330911198,0.23653323,1.832564278,2.015609719,0.160620412,-0.50817125,-0.809181468,0.289350204,-1.098390995,-0.091411728
2018,Caras-Severin,0.22264208,0.262082915,-1.01015382,-0.409244641,-0.442654974,-0.151036363,-1.479522011,-0.76294997,0.178023639,0.307935095,0.699733475,1.017261629,-0.678836545,0.386814795,-0.376034037,-0.69579027,-0.784164256,0.857029595
2018,Giurgiu,-0.617501073,-0.055687788,-0.58680662,-0.90224727,-0.65291655,-0.656875468,-0.201808271,-1.055200595,0.72760246,0.758180207,-0.70890409,-0.605905429,1.700856724,1.886642736,0.383309171,0.292248608,-0.401918061,0.373365234
2018,Bacau,0.627091872,0.360004805,-0.276907435,0.179608923,-0.038250413,0.208013161,-0.962634367,-0.262682739,0.291179508,0.412581832,-0.484511608,-0.492793925,-0.850365309,-0.264656248,-0.192287874,-1.335632366,0.586011891,-0.842707569
2019,Prahova,0.269394544,-0.033681754,0.071291952,-0.694808963,0.306838183,-0.517480167,-0.218746431,-0.718112818,0.546091851,0.490337869,-1.346723618,-1.651990694,0.161711505,0.945414952,,,,
2019,Gorj,0.676724845,0.31384033,0.753188911,0.214655657,0.758376497,0.313897413,0.68318958,0.326641746,0.553096684,0.478119695,-0.340571345,-0.194604041,-0.852680323,0.599762991,-0.438120949,-0.473699403,-0.718212804,-0.611352011
2019,Constanta,-2.471897178,-2.490243499,-2.222077967,-3.538333262,-3.244949353,-4.040571792,-0.387794149,-2.442450916,-2.059162525,-1.954273043,-3.016080454,-2.840661991,-1.874674795,-1.244713776,-0.994041769,-0.516852222,-0.660405565,-0.843206864
2019,Olt,0.593053087,1.081377729,0.678003002,1.54438605,0.944059073,1.659977713,0.41565048,1.02839166,0.020254576,-0.044777129,0.636310248,0.818073537,1.778156546,-1.366845139,0.48350029,-0.425939954,0.001106443,1.118964857
2019,Hunedoara,-0.54420732,0.298074809,-0.418609268,0.34563345,-0.769967134,-0.107348926,0.319868913,1.302066095,-2.310124871,-2.363446888,0.844039946,0.738957459,-0.657703265,0.271016059,2.61514559,0.518043468,1.393565117,2.514996992
2019,Braila,-1.420194438,-0.850194175,-0.431211688,-1.020392937,-1.074895131,-1.437857869,0.692094621,-0.416704576,-4.165873103,-4.107087619,-1.176229453,-0.826160315,-1.077693115,-1.636407872,0.504985341,0.541634441,1.311217044,-0.541581044
2019,Bihor,-3.434383488,-3.637107363,0.730115913,0.803991671,0.924381216,0.884816881,0.504241242,0.660093275,-1.129549774,-0.924045914,1.053169396,0.255982525,0.447263892,0.104470773,0.374202641,-0.978186937,1.020144742,-0.855938878
2019,Cluj,0.826757909,0.17106946,0.081923142,-0.042551412,0.164247787,-0.178497299,-0.049058152,0.281956652,0.583601654,0.811371979,1.467847413,0.937683331,0.473330985,2.307165373,-0.158291058,0.41445771,-1.66555791,-1.279063553
2019,Salaj,0.410294599,-0.01444017,1.21599201,0.474371605,1.248905419,0.294771502,1.103558601,0.558058808,0.535053542,0.420254859,1.212576412,0.843315209,-1.637900284,-0.176332137,-0.830524867,-0.24607368,-0.509120134,-1.370690164
2019,Galati,-0.023183656,-0.118902245,-0.930119851,-1.264690426,-0.698281023,-0.875624713,-0.811495004,-1.774745056,0.77884317,0.511237357,-0.948686993,-1.085470812,0.689227963,-0.171585982,-0.757473825,3.887433625,0.25684611,-0.067426118
2019,Harghita,1.226864624,0.752462844,0.447189932,1.465106546,0.693704871,1.433415833,-0.357469612,1.203261964,-0.060041367,-0.304919259,-0.546649173,-0.268622941,-0.640949335,-0.757738024,0.900424011,1.287363209,1.33556311,0.550277546
2019,Dambovita,0.687208282,0.252867137,0.152005193,0.4183397,0.289464429,0.40686683,-0.468580143,0.211752475,0.09202094,0.194744422,-1.188529435,-1.50244035,-0.870763601,-0.368073657,0.166102877,0.6156886,1.025742399,-0.155219784
2019,Buzau,0.49485827,0.101198703,-1.019025818,-0.992808482,-0.701050278,-0.746701362,-1.379720712,-1.323961131,0.612734956,0.679022842,0.73243808,0.93009878,-0.396219026,0.237670788,-0.167320222,-0.175816575,-0.833632619,-1.146816438
2019,Maramures,-0.598415644,0.031881799,-0.769549589,-0.632688649,-1.177591934,-0.66511009,-0.043452404,-0.615014355,-0.058453283,-0.446632668,-0.071531461,0.215563084,0.029032788,-1.193486491,-0.633264005,-0.466177137,0.428558597,0.122545745
2019,Sibiu,-0.176905005,0.089488023,-0.34951469,0.049782218,-0.629345944,-0.184624297,0.200300894,0.403753677,-2.464975226,-2.387609873,0.159296028,0.396174909,-1.27504191,-0.87672055,0.067491621,-0.693519569,0.111070999,1.909686393
2019,Brasov,0.14839444,0.338678343,-0.262919065,-0.443534601,-0.169705857,-0.254775346,-0.0854259,-0.455281365,0.699376602,0.678465437,0.038899913,0.554339966,0.475541888,0.834535378,0.326500707,0.24061589,-0.738344609,
2019,Teleorman,0.347535508,0.04437184,0.838259395,0.642370043,0.852279406,0.395463185,0.846418886,0.998375149,-3.587253331,-3.213300173,1.121611105,0.478864048,-1.447059601,-1.222322618,0.508843615,-0.491865807,0.50203008,-0.472136593
2019,Ialomita,0.725660788,0.687583052,1.088345225,0.081677807,1.120160461,0.205731681,0.649865233,-0.575282768,0.346408066,-0.086743466,-1.126463995,-1.583426924,-0.320281485,-1.316350405,1.509833704,0.056923529,2.702915049,0.472434623
2019,Ilfov,1.07115603,0.581201573,-1.310012918,-0.538718358,-0.686528522,-0.237670319,-2.027175077,-1.137845155,0.424537715,0.275691454,0.945020664,1.077095108,-1.654982533,-0.643787211,-1.221784172,-0.049593083,-1.026594508,-1.225769282
2019,Timis,0.515539833,-0.052862007,-0.479101501,-0.932700824,-0.015157756,-0.731004148,-1.005642651,-0.881527756,0.458476728,0.708616207,-1.025893242,-0.525385169,-0.887053264,1.515518511,0.180399833,-0.446819427,-0.160497701,0.274067393
2019,Giurgiu,-0.290470961,-0.265586851,0.228677192,-1.031357577,0.463658836,-0.646079737,0.108354093,-1.279444891,0.478324105,0.670530258,-0.760647561,-0.249483586,0.496831084,1.118204842,1.611867888,-0.347421237,1.167634584,1.036280975
2019,Arad,0.424453188,-0.320783341,-1.462546044,-0.984020142,-1.092300693,-0.955620688,-1.603959353,-0.824177402,0.419270544,0.744166747,-0.989585382,-2.156943912,0.763315976,1.098264079,-0.765895141,-0.079137469,-0.372475867,-1.199203972
2019,Neamt,-0.085156212,-0.497695731,2.557749307,1.09543961,1.94766575,0.87694844,2.730805658,1.593688673,0.320287492,0.559553536,0.426926621,-0.019998379,0.514099219,0.478357536,2.208220211,1.45697334,0.951950789,-0.51193023
2019,Calarasi,0.676198119,0.420851523,1.159561562,0.274514047,1.148042053,0.539468035,0.95104117,-0.239389625,0.06458289,-0.493356336,0.148135914,0.852793052,0.126696892,-1.13197271,-0.623601998,0.607683362,-0.664596671,
2019,Mures,1.182858036,0.87651932,1.192689211,0.638213561,1.116977467,0.596137307,1.042972216,0.510390444,0.028491681,-0.309548495,0.846297257,1.066736944,-1.549175356,-0.739253176,-0.73036279,0.035725609,,
2019,Vaslui,0.517790731,1.521720327,2.266888979,2.284782542,1.795655832,2.096909063,1.962289134,2.310301104,-1.784334681,-1.958383926,-0.776112044,-0.039113404,-0.085963513,-0.92747169,,,,
2019,Iasi,-0.061623466,0.146196513,-0.241533074,0.538563919,-0.503624161,0.443289126,-0.441788798,0.436720993,0.002027995,0.255871446,1.590605143,1.172547293,-0.27596422,-0.436697247,1.978140661,0.705708466,2.101292626,0.851797324
2019,Tulcea,0.253610087,0.501562965,-0.774101703,-0.215150875,-0.637150175,-0.169323097,-0.63293083,-0.120784834,0.804348558,0.825671188,0.803094535,0.944922203,0.926502077,0.662146072,-0.741943214,0.156156722,-0.057246555,-0.461726345
2019,Satu Mare,0.406157637,0.440035034,1.119582967,0.583416671,0.940562596,0.609524112,1.303932739,0.472499131,0.627732504,0.176546782,-0.424564686,-0.125664984,0.265059733,-0.316899945,0.209333737,0.1503055,-0.164199435,0.673180098
2019,Suceava,-0.083341989,-0.487555807,2.447361284,1.10384051,1.892700871,0.927287318,2.588696386,1.535144547,0.304672045,0.531447063,0.404302561,0.028685471,0.313017864,0.275029279,1.407186517,-0.647776445,1.344946746,1.473997241
2019,Botosani,0.306907752,0.277412608,1.168507146,1.287057642,0.905768731,1.153166723,1.167420165,1.114961073,-0.115404422,-0.272179172,0.977474249,0.333994723,0.212333213,-0.670548434,0.373967808,0.301869456,0.647867963,0.61681912
2019,Alba,-0.719797583,-0.023932671,-1.014080009,-0.120289444,-1.302090505,-0.45696713,-0.062209144,0.532736582,0.601939696,0.734247824,-0.095024999,0.277651017,1.67752108,1.782307928,0.8854064,1.174214474,2.02795164,0.183426505
2019,Caras-Severin,0.151857624,-0.149390439,-0.109313938,0.040511259,0.322918904,0.366945667,-0.574919948,-0.533489978,0.265585373,0.038799182,0.768589963,0.975649166,0.851046157,0.573456584,-0.445442363,1.02301078,-0.749161828,0.569889548
2019,Arges,0.417498187,0.653313643,0.456122552,0.904235706,0.294942244,0.598528689,0.665818198,1.291288539,0.839464794,0.605972959,0.609427942,0.386418601,-0.327099663,0.282805124,-0.892493646,-0.696194536,-0.653007417,
2019,Covasna,-0.145088577,-0.478615427,0.043544093,-0.524609009,0.153438415,-0.321751815,0.082872157,-0.553456156,0.303192199,0.624732069,-1.031341321,-0.944812782,1.421404855,1.13766671,-0.724394616,0.477052258,-1.422774249,
2019,Vrancea,0.077614665,0.071805595,-1.434818897,-0.554478317,-1.307446919,-0.488774468,-1.2758354,-0.76915608,0.664865898,0.893407777,0.600320498,-0.13748032,0.521796654,-0.131100105,-0.689594151,-2.336444303,-1.436214175,
2019,Bistrita-Nasaud,0.539642132,0.1594164,0.861927479,0.022429246,1.0231239,0.260083514,0.365515544,-0.288676806,0.162417884,0.281356308,-0.424080008,-0.09113057,-0.379982487,0.282847836,0.411893913,-0.019433801,-1.058497345,-1.062480445
2019,Mehedinti,0.628313969,1.026626696,1.266393203,0.646311368,0.973525556,0.44610327,1.006924212,0.701467991,0.105440898,0.31341214,-1.396365677,-0.959543527,0.072629144,0.474181353,,,,
2019,Dolj,0.214053221,0.302252152,-2.026754092,-1.001018279,-1.726938127,-0.85725222,-2.171595508,-1.38435067,0.619642384,0.573663722,-0.299662103,0.441442406,-0.379468993,-0.012507683,-0.970180773,0.119615197,,-1.158960821
2019,Bacau,0.073407379,0.545496406,-0.202109952,0.327139384,-0.089558312,0.424409273,-0.277699588,-0.053288387,0.523190036,0.263608927,0.316175661,-0.547498065,-0.429808762,-0.321728696,0.060517703,-0.473172858,-0.103997615,-0.152495083
2019,Valcea,-0.386054566,0.207308245,-0.094193213,-0.254000997,-0.109396306,-0.036139931,0.012651483,-0.508262717,-0.175077826,0.483737329,-0.549680991,-0.588387137,2.280180994,-0.370481375,-1.561293657,-1.039821109,-0.605003899,
2020,Tulcea,0.198936764,0.589198597,0.45042391,1.372305693,0.773834946,1.54285428,0.233915952,0.861549506,-0.045028928,0.079791427,0.986076922,1.130721904,1.025700527,-0.960765124,0.56522841,0.010851378,0.787199494,0.318783063
2020,Ialomita,0.246306727,0.738010008,-0.659240092,0.310777793,-0.781850754,0.264399948,-0.542729857,0.047593461,0.388351752,-0.053844223,-0.943976405,-0.400247599,-0.187886906,-1.267946659,-0.472978689,0.812478159,-1.081543611,-1.352087062
2020,Calarasi,-0.516603734,0.047258188,0.046828056,-0.144325045,-0.185923589,-0.097610938,0.531107251,-0.030616532,0.793804192,0.645975732,-0.213660443,-0.414715152,1.813673935,1.110178283,-1.033076026,-0.233526887,-1.023918079,-0.648161891
2020,Galati,0.770993868,0.208332831,-0.864573322,-1.330775201,-0.348211677,-0.729779185,-1.474872216,-2.14486413,0.516013431,0.080313391,0.011757429,0.657614785,-0.544971156,-0.641478243,-0.549723957,-0.060639909,-0.610782091,-0.843206864
2020,Giurgiu,0.72968267,0.161554699,-1.049644555,-0.718495752,-0.393254808,-0.602975229,-1.818054467,-0.491765158,-0.197034187,0.610153152,-0.582928978,-1.121257486,0.385555799,1.80232387,1.702344242,-0.166183708,1.517849275,1.287256063
2020,Olt,-2.525183182,-3.011352155,1.349778962,0.434726411,1.344093587,0.472543143,1.122306916,0.665101829,-0.212338622,0.11070668,-0.146465007,-0.449222195,-0.061491997,1.844877609,1.875001906,-0.92983928,0.712983855,1.369009375
2020,Gorj,0.417396453,0.353885876,0.490469269,0.80721993,0.388135243,0.866780625,0.544403252,0.618210302,0.264212644,-0.015556235,-0.079903315,-0.375504636,0.334420559,-0.915688914,-0.414691187,-0.084855055,-0.038008264,0.520276132
2020,Vrancea,0.359137498,-0.183684724,-0.486201321,-0.566525755,-0.303752185,-0.544540163,-0.717010701,-0.344551105,0.613479556,0.759189002,0.979107524,1.171732639,-0.097151113,0.951405272,-0.44819143,0.089170572,-0.400497486,-0.330434929
2020,Hunedoara,-0.080318215,0.061354541,-0.246195713,0.080458668,-0.456879793,-0.214960074,0.194874639,0.472093521,-0.215697159,-0.08123033,0.494521325,0.442286217,-0.627902262,-1.281273521,-0.024270823,-0.985266581,0.844147271,-0.296393371
2020,Bihor,0.873509909,0.743324088,0.914140599,0.024117113,1.141258078,0.181410724,0.282442526,-0.610520794,0.521244489,0.251729808,-0.078248127,-0.705653034,-0.422659642,-1.26914841,1.211554341,0.104826684,1.230290968,-0.168198405
2020,Cluj,0.351306699,0.664437261,0.051631009,0.673572304,0.181160225,0.621695899,-0.06180164,0.685077067,-0.047496732,0.012631956,0.918241024,1.017257219,-0.685163632,-0.028525141,1.496119588,-0.622523308,-0.128761956,2.925526877
2020,Botosani,-0.240648379,0.78086237,0.15970069,1.35107047,0.242536871,1.193383845,0.002833896,1.479140505,-0.27952826,-0.385024682,0.202028701,0.080720275,0.991843629,-0.223561107,0.829662337,-0.993398912,0.625648678,1.577074041
2020,Timis,-0.43347984,0.067297901,-0.814428044,-0.885361526,-0.675279663,-0.550928308,-0.61683775,-1.301602753,0.74319132,0.630253619,0.095753351,0.103441111,0.625541739,0.720516693,-0.759115297,0.60677813,-0.630952969,-0.864563791
2020,Covasna,0.890407124,0.497304906,-1.122553807,0.194206088,-0.616221694,0.420962169,-1.820050338,-0.308158113,-0.084156721,-0.025644126,-1.14295799,-0.768311205,-0.339509611,-0.579232767,0.946609002,0.648201736,2.425383242,0.623251154
2020,Harghita,0.407041492,0.603591397,0.130251962,0.126298856,0.058140614,0.324362294,0.104457142,-0.397259827,0.312745922,-0.381365995,-1.316563317,0.800289281,0.101470681,-0.835077067,-1.104790172,-0.28526531,0.272343853,0.267850621
2020,Sibiu,-0.486664459,-0.659744994,0.40899657,0.294171829,0.122370616,0.066136362,0.944811272,0.683560624,-1.77388594,-1.992639582,1.253297755,1.186701899,-0.198017181,-0.426725076,0.548767612,-0.084546891,1.13687027,0.326252236
2020,Neamt,1.020386496,1.227780852,2.987547252,1.561481811,2.410947701,1.253059737,2.894626278,1.72327617,0.219033105,0.294654403,0.058353206,-0.152316745,-0.350025523,0.148729204,,,,
2020,Maramures,-0.084806839,0.198530511,0.393177441,0.216757146,-0.209281862,-0.279464082,1.260000711,1.00269815,0.138003656,-0.11003531,-0.219277487,-0.236764324,-0.704885901,-0.308239368,-0.63640033,0.250310065,-0.245064462,
2020,Constanta,-3.055852172,-3.15822436,-1.798568831,-3.576442293,-2.82782114,-3.940184176,-0.031592686,-2.828209921,-3.777434352,-3.790669499,-3.171633694,-2.70545769,-1.098702589,-1.994473554,-0.00381194,-0.540925794,-1.086131107,-0.843206864
2020,Bacau,0.63462731,0.234630689,-0.214981694,-0.353444902,-0.063245552,-0.236098483,-0.548921158,-0.546353841,0.493449697,0.542841807,0.73644497,0.798888404,-0.033499325,0.110914827,-0.218619346,-0.540402777,-1.028563483,-0.249046192
2020,Suceava,0.943300711,1.11649639,2.888588392,1.403894764,2.389339896,1.119723738,2.733060185,1.585637002,0.24095909,0.384601535,0.021893229,-0.140794051,-0.497408366,0.278053106,,,,
2020,Dambovita,0.32787113,0.653876561,0.141326532,0.564618082,0.125554334,0.495633553,0.097821807,0.492035294,0.422779926,0.084029871,-0.234900024,-0.522774195,-0.286751514,-0.328870277,-0.353810608,-0.687125257,-0.364177525,-0.708957732
2020,Arad,0.857570129,0.713008453,0.006251413,0.442092051,0.281996179,0.552882262,-0.354624234,0.158703727,0.201885021,-0.074352485,-0.820862516,-0.524849807,-0.775773457,-1.299850051,-0.581071279,1.28653416,-0.483074511,-0.059049686
2020,Alba,0.548444372,-0.126827541,-0.658765067,-0.266092243,-0.65995907,-0.597871604,-0.685763803,0.319665992,0.377764976,0.671156376,1.558582145,-0.253023298,-0.526661864,1.823083735,-0.780079676,-0.890655145,-0.942024963,-0.908123384
2020,Iasi,0.226827285,0.002644339,0.003056783,-0.433649922,0.068205961,-0.369855063,0.024204232,-0.671398318,0.794957952,0.63007403,1.067266886,0.591309512,-0.830809645,-0.17003061,-1.463903696,-1.329642249,-0.88401543,-1.075664175
2020,Buzau,0.10353674,-0.041059202,-0.746638625,-0.022714139,-0.457065385,0.025717429,-0.890532859,0.213084815,0.833365403,0.861855937,0.908897657,1.102305808,0.723110335,1.237200738,0.119697966,0.06330613,0.119667338,
2020,Mehedinti,-0.053135722,0.045951482,-1.071966092,-0.752050863,-0.926821542,-0.569095251,-0.942892665,-0.85498678,0.569109613,0.723134277,-1.490269884,-2.608126806,0.52520322,0.439033203,0.136808911,-0.891215612,-0.772048418,0.137263098
2020,Brasov,0.542833028,0.981587286,0.502063774,1.337142541,0.791299434,1.498653544,0.308419494,0.83314004,0.041508486,-0.058991009,0.199193638,0.469966562,1.927443925,-1.353339448,-0.692401045,0.602726742,0.516912871,-0.035402991
2020,Arges,0.755542023,0.149372493,-0.184797052,-0.131620341,-0.093489983,-0.280364094,-0.193585778,0.27133733,0.637311883,0.875143569,1.164524555,0.816022397,0.33446049,1.86012135,-0.652618648,-0.105749324,-0.798986638,-0.774988416
2020,Braila,-5.310676171,-5.522798528,-0.628857184,-1.57900183,-1.273127281,-1.89512654,0.335433619,-0.798290843,-3.853237977,-3.772769691,-1.186723457,-1.434200689,-1.766915121,-1.118998889,0.803532212,0.696790198,1.483839718,-0.559255464
2020,Teleorman,-1.093876876,-0.397661224,-0.819967022,-0.308750609,-1.336550883,-0.732275197,0.217540391,0.366803173,0.422821263,0.352452015,-0.034833293,-0.445215789,1.202485227,0.202463589,0.914936136,0.795592481,0.695410711,0.985831187
2020,Satu Mare,-0.086327832,-0.020134466,1.145393132,0.028359591,0.861237396,0.057703835,1.628235982,0.32461462,0.252338645,0.66975422,-0.243222299,0.110095413,3.42122512,1.338595583,1.930152429,-1.156792781,1.547405741,0.886040715
2020,Vaslui,0.249565581,0.171365297,0.36431677,0.640604925,0.305237101,0.45618598,0.416093318,0.855864968,0.48919943,0.425887961,0.323156746,-0.766856548,-0.038936174,0.091790827,-1.505447279,-0.637265372,-1.325812628,-1.970899567
2020,Dolj,0.721556931,0.209918133,-0.109032966,-0.446251169,0.188142,-0.453873517,-0.629558498,-0.200492503,0.459055111,0.787245143,1.38343141,1.512550362,-0.972082112,1.861555659,-1.165344131,-1.144324857,-0.696390125,-1.482292206
2020,Prahova,0.999463645,0.493469327,0.487430512,0.171805414,0.744299021,0.401952629,0.017951388,-0.178133578,0.290062314,0.096577708,0.038243666,0.544725679,-0.070004005,0.166377993,0.718084634,-0.386333343,-0.660987609,-0.352936448
2020,Valcea,-1.693585118,-1.05675298,0.323165519,0.252358323,0.303029479,0.41003567,0.459173425,0.177293763,-0.133862806,0.496967525,-0.297352624,-1.090800947,1.79084111,0.15579014,-1.262705522,-1.339645126,-0.098799001,-1.09727912
2020,Caras-Severin,-0.553238571,0.160673852,-0.578394321,0.26300907,-0.476058229,0.450412165,-1.092379517,-0.245133121,-0.144953082,-0.01725444,0.530581845,0.510345815,-0.375852872,-0.085146631,-1.126347034,-0.944793569,-0.95822184,
2020,Ilfov,0.54307012,0.309584827,-0.76868152,-0.617924442,-0.216403439,-0.239839029,-1.508333661,-1.252082316,0.678823313,0.76898047,0.68141358,1.01407104,-0.859343565,0.328007563,-0.014885128,0.311334346,0.052974737,0.456390215
2020,Mures,0.381076714,0.703287785,-0.224605356,0.359795931,-0.277530731,0.241679119,0.078754416,0.605941425,0.583530613,0.593775799,0.591459197,0.758948943,0.843800261,0.088720756,-0.129681828,0.075892684,-0.929332861,
2020,Bistrita-Nasaud,-0.53548837,0.114588688,-0.264877101,-0.278928583,-0.289794801,-0.051152298,-0.168619429,-0.598211974,-0.094949171,0.49951466,-0.472837637,-0.641709984,2.543389507,-0.366243896,0.626910078,-0.563222401,0.2918111,
2020,Salaj,1.215714008,0.932671241,1.089156479,0.683620847,1.157338659,0.709631168,0.813627675,0.313052625,0.359157968,-0.170021407,0.978667222,1.307856839,-1.434113135,-1.150718737,,,,
2021,Gorj,0.648553729,1.006210713,-0.746669019,0.830281877,-0.505613529,0.845748336,-0.849026486,0.67427281,0.203867626,-0.095203852,-0.412157341,-0.309829918,0.810367502,-0.416724378,1.075098562,0.160814627,0.389984947,1.863253439
2021,Dolj,-0.522429399,0.241888306,-0.372157401,-0.404473398,-0.32207165,-0.158834577,-0.115014557,-0.784767643,0.834584371,0.688808114,1.059896921,0.813549777,1.117484167,0.797550736,0.085606907,0.189992921,0.025588081,-0.116943836
2021,Hunedoara,-0.67036816,0.053262971,0.273917127,0.209189132,-0.255370306,-0.12181507,1.074742069,0.585163241,-0.116676962,-0.148085738,1.387314852,-0.570598389,-1.271569793,-1.007807231,-0.074071253,-0.255010168,-0.014445758,-1.475230715
2021,Suceava,-0.13351466,0.315913319,0.390523901,0.403110056,0.212956843,0.323083934,0.49488747,0.459827654,0.380885813,0.280431075,0.269323387,-0.838948979,-0.043975708,0.23641191,-1.177343176,-0.876774764,-1.053670229,-1.560245246
2021,Vaslui,0.560373781,0.621981207,1.307081902,0.919166449,1.153420525,0.818405374,1.048646242,0.80715112,0.553343583,-0.040042572,-0.022780775,-0.125557357,0.010738477,-0.79002077,-1.460782095,0.300332579,-0.917379201,-1.076315338
2021,Constanta,-2.549753379,-2.709062751,-2.413929839,-3.421424736,-3.246833416,-3.849989127,-0.87517041,-2.491009171,-5.151517991,-5.102308021,-2.804927901,-2.633369996,-2.401061337,-2.105245037,-0.777950763,0.057758851,-1.628374827,-1.449708259
2021,Covasna,0.224544801,0.253971525,-1.358145546,-1.336216532,-1.096294287,-0.979846624,-1.525156721,-1.797671275,0.498509607,0.304614899,-2.237248864,-0.479481339,0.306733985,0.231560157,-0.194865741,-1.666608536,0.289376559,-0.885171641
2021,Dambovita,0.416144524,0.168663249,0.227354284,0.017058004,0.129929686,0.040151703,0.245469239,0.095207396,0.520486209,0.370502191,0.054035582,0.405448457,0.124224636,-0.192334279,-0.676301849,-0.069255881,-0.711287144,-1.249269051
2021,Arad,0.610093887,0.23152079,0.659060617,-0.066730943,0.724885624,0.119656643,0.520138014,-0.05362259,0.457704839,0.508397283,-0.556069651,-0.235353365,-0.789889965,0.704593051,-0.022905079,0.053833874,-0.130582672,-1.00705965
2021,Valcea,0.437944872,0.424869622,0.070595226,-1.307468965,0.437089279,-0.801455119,-0.359254085,-2.015885807,0.482864624,0.430078838,-1.889193327,-2.237890395,-0.60870322,-0.323561214,-0.217459443,0.322769146,0.742327581,0.354523358
2021,Bistrita-Nasaud,-1.48785031,-0.830978608,0.317756333,0.2519275,0.256183807,0.402717884,0.454340916,0.153135336,-0.034673073,0.538206357,-0.242793779,-1.105990469,1.855290307,0.233575969,0.938885464,-0.769715921,0.934505587,0.285388571
2021,Harghita,0.171992188,-0.032585113,0.812915881,0.20190518,0.598926769,0.085353224,1.061893124,0.617409516,0.578429454,0.697280827,-0.818589361,-0.91460026,0.517200713,1.171691984,-0.678173032,-0.86383527,-0.718454439,
2021,Prahova,0.040343081,0.265977546,-0.038578266,-0.246429477,0.116309379,-0.08018494,-0.128712616,-0.380992751,-0.266556575,0.415952518,-0.055766886,0.175282785,0.902664109,-0.023853029,0.627923142,0.323462178,0.979212679,0.390207031
2021,Neamt,-0.099230336,0.281646178,0.44082491,0.414320579,0.266246169,0.321185754,0.524961262,0.493033276,0.394884053,0.323248021,0.313891335,-0.837379829,0.133417322,0.267126382,-0.864682215,-0.010785794,-1.283613278,
2021,Braila,-1.604233345,-0.726975314,-0.059558789,-1.257649504,-1.181591049,-1.834057509,1.102682799,-0.414186172,-4.693154924,-4.657631877,-1.655557504,-1.18972672,-1.517103308,-1.683776006,,,,
2021,Buzau,-0.249320968,-0.799079619,-0.080077793,-0.106167493,0.22071504,0.12948189,-0.219929043,-0.340214299,0.285187325,0.438975163,0.421886654,0.75452161,1.962438795,0.348753923,1.652074612,1.217644734,1.739532955,0.472434623
2021,Maramures,0.251715673,-0.245297886,-0.232748579,-0.636465867,-0.564037597,-1.011988598,0.373140189,0.13658507,-0.009894145,0.151261008,0.223783377,-0.173236608,-0.478251485,0.843659761,0.090520824,0.603800825,-0.436073959,0.108533787
2021,Cluj,0.191209857,0.00991335,1.010891407,1.124550069,1.153654378,1.107744122,0.646803831,0.934089201,0.022511429,-0.311378737,0.601467748,0.734992741,0.775578919,0.022701352,1.29905774,-0.362823919,0.850351378,2.129168348
2021,Calarasi,0.570096809,0.585816045,1.026123504,1.092125857,1.178173943,1.230035867,0.544754613,0.638076075,0.072956841,0.022214099,-0.02267788,0.334712041,0.027149967,-0.652988581,-0.392758516,0.372982736,0.432283,-0.392077934
2021,Teleorman,0.040999205,-0.237333121,-0.568887836,-0.502214742,-0.845930368,-0.908712322,-0.153714781,0.292459828,0.040487607,0.422874436,1.297702888,-0.202152449,0.726898247,0.611207916,-0.064574578,-0.356563647,-0.756657817,-0.495678924
2021,Satu Mare,0.746293832,0.871364637,0.700990659,0.365904396,0.829620922,0.269504965,0.284446552,0.677201295,-0.185269156,0.414349795,0.070541613,0.008624649,0.587691368,0.787232769,0.164899028,-0.376033857,0.831707798,-0.197270236
2021,Timis,-0.261964341,-0.274037992,-0.299182742,-1.246367191,-0.000634002,-0.850436431,-0.411085505,-1.46598319,0.292516443,0.729884902,-0.009039416,0.551698165,1.044351441,1.236229845,1.046245115,-1.3409808,0.948666899,0.71309811
2021,Mehedinti,0.166350366,-0.146624818,0.259302454,-0.725022037,0.393593127,-0.573461767,0.146840372,-0.614083716,0.48018008,0.526117582,-1.3769426,-1.670944333,0.408609187,1.334802323,-0.698079293,0.642052564,,
2021,Bihor,0.32006067,0.73934367,-1.003817853,0.156449368,-0.91494736,0.181809619,-1.07567839,-0.207514843,0.49742777,0.072153594,0.21465585,0.572591427,-0.527631327,-1.017840316,-0.55398575,-0.292878533,-0.53198269,
2021,Tulcea,-3.407818627,-3.920422317,0.705864722,0.416725979,0.931289026,0.439617624,0.1742779,0.720467083,-0.216364731,0.170287669,1.432120057,1.168827633,-0.836918859,1.581027921,1.179655586,-0.963751184,1.281864159,2.145726224
2021,Caras-Severin,0.335503529,-0.080164816,0.087999927,-0.519475824,0.342411713,-0.313435498,-0.142309061,-0.943470732,0.637790001,0.388141596,0.074266349,-0.367588533,-0.74198842,0.206255987,0.928111571,-1.808591362,-0.423039741,0.325580354
2021,Bacau,0.366610715,0.146332298,0.010986124,0.565039593,0.100139617,0.508790984,-0.023857433,0.874153609,0.759693322,0.75069026,1.004604972,0.826603857,0.840809672,0.670665681,0.826890947,0.448128548,0.314481824,-1.331190252
2021,Salaj,0.432690048,0.738421682,-0.080241105,0.327771401,-0.111560669,0.209694613,0.20200657,0.593888928,0.774772909,0.676919059,0.900477065,1.103444787,0.70526123,-0.070417354,-0.129882082,0.07036897,,
2021,Ialomita,0.500468549,0.031009002,1.125979606,0.560800052,1.063723659,0.32642374,1.02135007,1.063186679,0.323827629,0.436210419,-0.411427562,0.104846714,-0.834858479,1.204148486,-0.803875744,-0.022726896,-0.833972416,-1.501027607
2021,Olt,0.634778657,1.449904858,1.548960897,1.597822729,1.324992283,1.509514682,1.023644947,1.445941419,-0.46048207,-0.567697168,-0.840900036,-0.158087504,-0.237942587,-0.538194202,,,,
2021,Iasi,1.027078907,0.445783972,0.246731214,-0.472406483,0.286089135,-0.32499869,-0.041984068,-0.749677723,0.568677898,0.322720667,0.871458181,1.099187714,-0.997937022,0.061380173,,,,
2021,Vrancea,0.589770594,0.163333036,0.288433728,0.142005266,0.452517208,0.189930533,-0.002886281,0.046497723,0.713861732,0.702800267,0.880999388,1.432797923,-0.675299445,0.433774259,-2.04529948,-0.337875733,-1.871167334,-2.13790976
2021,Ilfov,0.257113394,0.27430465,-0.877994888,-0.19852611,-0.573582849,0.183453644,-1.080020141,-0.799187818,0.32576175,0.166067766,1.730325273,1.254291787,-0.033523575,-0.395767729,0.334269169,-0.017158574,0.60860479,0.096537056
2021,Brasov,-2.10095121,-2.562958192,1.298455676,0.259957852,1.250966507,0.318011192,1.199389957,0.536920615,0.082624117,0.441721023,-0.406344473,-0.69530409,0.166991891,1.869235196,-1.517642341,-0.268719278,-0.834148298,-0.647260259
2021,Galati,-0.422625442,-0.043120996,-1.826497501,-1.523590757,-1.538836329,-1.175760514,-1.70433348,-1.684330589,0.738418289,0.827680897,-0.417402355,0.085870544,1.089155511,1.247441111,-0.423949416,0.16985703,-0.680898444,0.089949555
2021,Giurgiu,-1.169324708,-0.371383866,-1.594606959,-1.29537422,-1.400918367,-1.168434026,-1.298743915,-1.235722073,0.836999685,0.776350367,-2.129765178,-1.876330417,0.793693081,1.183219416,1.191485359,1.984070668,0.758750913,-0.173915068
2021,Alba,1.288099527,0.730216943,-0.117735954,0.483133596,-0.12607396,0.341723763,-0.122936369,0.68517669,0.252072453,0.327399268,0.84453843,0.281457277,-1.935671829,-0.240497987,-0.04827137,0.759920231,-0.222637459,0.512302547
2021,Botosani,0.516468925,0.35518765,0.588163775,0.89050749,0.517176533,0.646473282,0.178213587,0.84686682,0.135120716,0.180921194,0.004720916,-0.072027505,-0.568895555,-0.61491014,0.425252148,-1.046594586,0.677100713,0.174239617
2021,Mures,0.232398857,0.714060711,1.170393219,1.909657024,1.261977027,1.866458657,1.127702225,1.735998133,-1.021500774,-0.876022488,0.900717331,1.075203945,0.323213522,-0.982095122,0.469684753,0.547939477,1.90286266,-0.665102802
2021,Arges,0.324386538,0.554325728,-0.160310386,0.544341829,-0.031284611,0.501610695,-0.181446531,0.59911929,-0.489151986,-0.399044605,0.836506953,0.947709993,-0.747134552,-0.128502735,1.449302835,-0.69856004,0.55831088,3.564466374
2021,Sibiu,-1.042732062,-0.296133832,0.362258322,0.744970492,-0.314251128,0.291291291,0.865434285,1.312206096,-3.439353438,-3.335186556,0.838057681,0.827859328,-1.025836318,-1.322314071,-1.059858088,-1.35983412,-0.391785738,0.472434623
2022,Ialomita,0.549214267,0.595190744,1.155241353,0.842932691,1.099083843,0.877682018,1.281049722,0.655323415,0.616452354,0.112410669,0.682994418,0.692415133,-0.098142106,-0.621182504,-0.014964835,-0.091130104,0.212110665,-0.889183582
2022,Harghita,0.277513324,-0.265381008,-0.035428549,-0.346183014,-0.082604404,-0.454796331,-0.012642951,-0.015130519,0.580420201,0.645282889,-0.264846728,-0.108392074,1.234793992,2.102343215,-0.240884408,-0.181421308,-0.616658969,0.117060199
2022,Alba,0.582742883,0.670364438,0.290034527,0.610427594,0.478986774,0.702741569,-0.039968697,0.386907372,0.559910145,0.677350245,0.452592164,0.680711918,-1.23643684,-0.609924298,0.656055189,-0.314702123,0.341206992,0.766910335
2022,Satu Mare,-0.606186063,0.139124624,-0.731349323,-0.432003535,-0.972775688,-0.478594268,-0.288834775,-0.227415204,0.67307435,0.717337334,-1.106439291,-1.48333441,1.093608757,0.929188532,1.543456629,1.702119531,1.980354922,0.254718383
2022,Iasi,-0.03916014,0.263603882,-1.288636275,-0.595328394,-1.204666593,-0.570959169,-1.123686701,-0.440463309,0.678868286,0.875334246,0.583665724,0.74268207,1.258014296,1.378693231,-0.653565854,0.540432806,-0.496637947,0.364431335
2022,Gorj,0.73694575,0.323639267,-0.200117056,0.111045143,0.043895778,0.20778485,-0.728870732,-0.113004054,0.14151555,0.20800986,-1.352235901,-1.804455045,-0.952078281,-0.201957993,-0.99581341,-1.783906772,-1.335127732,-1.308630127
2022,Buzau,0.551920473,0.137912873,-1.208454597,0.292070306,-0.470341446,0.510359188,-2.172237997,-0.202534928,-0.272382124,-0.081984666,0.77410539,1.060505346,-0.57744743,-0.50452316,-0.323486558,-0.450839859,-1.315803205,-1.276914885
2022,Cluj,-0.866567286,0.119637704,0.664524195,1.532851619,0.520811075,1.503836919,0.408561237,1.30757411,-1.835378325,-1.747412604,0.397642961,0.438070842,-0.205410713,-0.885553343,-1.393136081,-0.474718106,-0.799231788,-0.843206864
2022,Bistrita-Nasaud,0.248109026,0.220552859,0.081500015,-1.33602364,0.414280001,-0.855349383,-0.368463381,-2.006250415,0.515480609,0.510226722,-1.413934075,-1.681582037,-0.306177247,-0.142751046,-0.214420727,0.074282402,0.373251624,-0.169797951
2022,Botosani,0.186764514,0.826906957,0.777443267,1.191170583,0.509857048,1.052200191,0.996536545,1.076206736,0.318535696,-0.066081754,0.858008975,0.074694016,-1.003091895,-1.25128858,0.012862326,-0.362990625,-1.240475803,-0.843206864
2022,Braila,-1.394774121,-1.349707884,-1.345071005,-1.792013757,-2.066150456,-2.261424022,-0.083462608,-1.09521624,-1.347398478,-1.388776639,-1.088839602,-1.679618641,-1.481487094,-1.628158388,-0.55390518,0.027379825,-0.965258555,-1.106335161
2022,Prahova,-2.374268995,-2.085753024,0.04884706,0.086054469,0.225195763,0.285713545,0.01583846,-0.077642991,-0.212041482,0.320100818,-0.050976419,-0.754348407,1.223951679,0.349963142,-1.398120113,-0.956830755,-0.620736169,0.071200314
2022,Salaj,0.346002878,0.896041469,1.005036387,1.83121189,1.13950873,1.773587191,0.958922442,1.647102582,-0.729123069,-0.649081567,0.987987981,1.116420755,1.076088442,-1.21988432,0.50880414,0.015158619,2.779874083,1.023227298
2022,Neamt,0.172096231,-0.113961885,1.834073266,0.385451913,1.459531234,0.242688468,2.067664545,0.63736459,0.116003818,0.309140466,0.520778,0.201557868,1.149416795,0.954056599,-2.129639553,-0.584147495,-1.79313108,-0.399061227
2022,Vrancea,-0.075574978,0.072979315,-0.688363661,-0.522085838,-0.627733289,-0.448505047,-0.731858651,-0.470594317,-0.359748822,0.713636578,0.999603692,0.887318151,0.759640105,0.663488562,-0.169207973,-0.045611906,0.107892385,0.335552762
2022,Dambovita,0.177489115,0.163754013,0.535987859,0.731686676,0.268369059,0.581678373,0.997675149,1.240223469,0.701474744,0.555836835,0.550668506,0.326275899,1.518101784,0.330218779,0.476345744,0.834558289,0.780284719,-0.274582153
2022,Vaslui,1.352731632,1.116627591,1.725360205,1.859777576,1.72265042,1.770962859,1.195764896,1.497099711,0.194586876,-0.344489819,1.182221495,1.515120805,-0.575966164,-0.495483206,-0.504156968,0.645357986,-0.732880626,-1.232340261
2022,Mures,-3.756030303,-4.152754163,1.102269493,0.97562515,1.161495056,0.875087888,0.708628011,1.418290164,-0.662231457,-0.372228085,1.262703154,0.898926491,-1.083246899,0.767663573,1.365261957,1.305114617,1.467694628,0.1379495
2022,Suceava,0.173225391,-0.135424736,1.75769309,0.327414274,1.400085671,0.196634533,2.005243003,0.614198481,0.090373236,0.319803643,0.475943536,0.199353598,0.862426884,0.993642414,-1.199883786,0.307666443,,
2022,Mehedinti,0.934877996,0.438866675,0.65882472,0.138990887,0.861919911,0.373283628,0.250849449,-0.124921483,0.219713411,0.078288824,-0.394986028,0.094643907,0.11058824,0.234149215,-1.677853818,0.757636751,,
2022,Dolj,-0.294414913,-0.179754613,0.071490815,-0.68805547,0.217420478,-0.472045108,0.015198574,-0.76433048,0.384069283,0.60202243,0.911609669,1.483129023,1.703437634,0.555180983,1.345488359,-2.352040736,1.424376893,1.264651091
2022,Calarasi,-0.287307018,-0.730330055,1.897001366,0.760553131,1.548106141,0.714762676,1.896738206,1.082233237,0.30433135,0.56015606,-0.294928266,-0.421405194,0.152014813,0.208554754,0.050219587,1.398848103,0.898667889,1.103874458
2022,Caras-Severin,1.183123872,0.760847457,0.012909056,-0.210473887,0.463694852,0.1923822,-0.810599191,-1.249033141,0.382750601,-0.326221694,0.935341574,1.317175865,-1.279872586,-1.1603462,-0.715274472,-0.118789893,-0.749579212,
2022,Arad,0.40713424,0.328611972,0.216006483,0.615243762,0.212376858,0.698750946,0.152924123,0.41472261,0.274843842,0.074597732,-0.126259807,-0.528876305,0.232805929,-0.914263922,1.61514716,0.666998161,1.437296086,0.924492041
2022,Giurgiu,-0.063785052,-0.673243318,-2.273223194,-1.594653814,-1.845740126,-1.460404734,-2.352083445,-1.539890607,0.684028644,0.85688931,-0.918901663,-2.028725895,1.127096127,1.876740448,-0.345942767,2.319400819,-0.372922716,-0.386759817
2022,Arges,0.095767997,-0.128615987,0.703383986,0.872228593,0.838127084,0.873354424,0.544382234,0.792686499,-0.254722467,-0.539979496,1.553052641,1.523377192,0.506968813,0.163526286,0.986888756,-0.5960608,2.397723681,1.624980059
2022,Covasna,0.046184813,-0.177081352,-0.885404965,-0.71870408,-0.590257,-0.518195707,-0.884787441,-0.587803881,0.725245156,0.795218159,-1.694896874,-1.351343218,0.779099284,0.526061994,,,,
2022,Bacau,-0.13810146,-0.517985284,0.694591506,0.576460258,0.784437745,0.675485986,0.652145084,0.454978607,0.244882792,0.352855757,0.032608787,0.20198076,2.117470299,-0.091976755,2.11513304,0.410951835,2.121841495,
2022,Brasov,0.724731492,1.412664582,1.451744078,1.354745036,1.194876668,1.2150249,1.036084342,1.258932662,-0.128588239,-0.180104475,-1.025554349,-0.382388612,-0.117222571,-0.324890583,,,,
2022,Valcea,-0.06714633,-0.159802418,-1.047139489,-1.077844014,-0.843083445,-0.904772414,-1.088191076,-1.289488073,0.532065103,0.578270582,-2.352372465,-1.667327555,0.122698911,-0.041231942,-0.600765587,-0.097367369,-0.435010327,
2022,Olt,0.180175705,0.077765295,-0.382797107,-0.027469977,-0.300716732,-0.023028888,-0.358922483,-0.046254566,0.518884834,0.637393554,-0.570375698,-1.579504358,0.18560507,0.391534912,-0.057771523,1.070482047,-0.379914603,-0.770926157
2022,Tulcea,0.351158188,1.035890863,1.231378109,1.138047288,1.095990783,0.977277959,0.565988645,0.999469284,-0.745203955,-0.572195959,0.311805199,0.72170905,-0.524354492,-0.365556978,,,,
2022,Teleorman,0.76034269,0.516824077,-0.185598612,0.531803168,-0.379562762,0.206235355,0.041959185,0.939652131,-0.079505975,-0.350647341,0.574687942,0.3012118,-1.689372961,-1.667302996,-0.248746882,0.808261725,-0.233298642,-0.526548168
2022,Hunedoara,0.231096077,0.032708194,0.190180473,-0.468625233,-0.241230827,-0.717164945,0.718627074,0.104016285,-0.031070239,0.203501906,0.457500444,0.460270548,-0.874001876,-0.022146297,0.844363179,0.873905833,0.60340932,0.506169021
2022,Constanta,-2.893574734,-2.409575426,-2.979521676,-4.320505908,-3.925885906,-4.479920078,-1.148335011,-3.810607835,-2.124159864,-2.199230528,-2.883164452,-2.594411586,-1.385885753,-1.846032065,1.179846339,-1.522108204,-0.29089448,0.289862095
2022,Galati,0.056327226,0.127735556,-0.8284474,-0.064623743,-0.353397473,0.328000233,-1.084725395,-0.80617558,0.393199257,0.464178516,-0.043489842,0.446055482,1.262575042,-0.712236066,0.766118161,0.075134481,1.228169476,-0.266910913
2022,Timis,0.824646388,0.492056642,-1.194525888,-0.870924488,-0.441566685,-0.652225584,-1.986002937,-0.887779184,-0.217501137,0.423075969,0.145217959,-0.279794455,0.03887591,1.352405847,0.366290299,-0.656780631,1.289708529,0.488389529
2022,Maramures,-0.231823033,0.151766352,-0.366755514,-0.090482031,-0.746395607,-0.408449557,0.301194045,0.38442528,-1.516151164,-1.467431805,-0.113580631,0.003535848,-1.173503146,-0.856859067,-0.838497556,-0.539880364,-0.292720982,1.620546996
2022,Ilfov,0.558649086,0.575063963,-2.002678795,-0.423824356,-1.463894138,-0.242881947,-2.237200554,-0.628136036,0.271453263,0.138385799,1.116312085,1.227578889,0.766658243,1.074516823,-0.968644051,0.444958878,,
2022,Sibiu,-0.169484135,-0.48617736,0.990632468,-0.009799405,0.693080106,-0.40490774,1.377744322,0.481576173,-0.14077449,-0.198330109,0.663531886,0.379218519,-2.027800399,-0.591234454,-1.077495076,-0.578530272,-0.61134955,-0.744264888
2022,Bihor,0.72173799,0.24534393,0.746644927,0.439905852,0.909462854,0.296601118,0.181995386,0.707514473,0.321264909,0.542993333,0.461434866,0.833581531,-1.02395997,1.355597897,-1.101825778,-0.669558073,-1.698030652,-1.958369648
2023,Valcea,0.329728264,-0.1697027,0.486268114,-0.278413307,0.673488301,-0.189535416,0.239129079,-0.111755494,0.337536772,0.604251967,-1.257595185,-0.778977341,-0.681746305,0.579849971,0.116945534,0.885242189,0.125819732,-1.066196946
2023,Ilfov,0.489277089,0.385924922,-1.526794693,-0.771675336,-1.091657662,-0.522919394,-2.032448189,-1.313862309,0.619440689,0.637172272,-0.074740077,-0.106943599,-0.767598685,0.116378297,0.110808788,-1.572893319,-1.036175443,0.209306326
2023,Bistrita-Nasaud,-0.115253334,-0.343871658,-1.010406105,-1.119281857,-0.782494577,-0.94701973,-1.119012702,-1.299931962,0.620809911,0.683463095,-1.923952282,-1.257496175,0.250088442,0.190337577,-0.551812651,-0.009206146,-0.506156989,
2023,Galati,-2.021737898,-2.640143965,0.10103541,-0.749068618,0.354145515,-0.548083754,-0.316634948,-0.576093674,0.177944071,0.758911531,-0.65831575,-0.754159757,-0.017156198,2.331266984,0.787204699,-1.203461717,1.463639066,2.095252317
2023,Sibiu,0.579619993,0.448552341,0.8565455,0.158741173,0.523768635,-0.047031938,1.248458141,0.250466163,-0.243920683,-0.67254394,0.306226417,0.837523805,-1.773481644,-1.642150845,-0.824398066,-0.019830348,-0.142910649,
2023,Bacau,0.550906738,0.176398182,-0.436811295,0.990581188,0.189855853,1.106704488,-1.384943623,0.622253428,-0.663351738,-0.566144421,0.032054541,0.197137847,-0.373727241,-0.66812765,-0.592256307,0.049403387,-1.237733728,-1.62609773
2023,Alba,0.33487188,0.62232881,0.456942218,1.14186612,0.460260825,1.174193226,0.46384459,0.932395979,0.095303939,-0.206609904,1.98759761,1.614499152,-0.647313749,-1.12008495,2.549450127,0.423797489,0.752769859,1.033114961
2023,Bihor,0.287182968,0.674251534,0.831654155,0.732014964,0.870879812,0.84534255,0.908570593,0.316665905,0.688008548,0.274501772,1.258019328,0.910431323,-0.003185266,-0.70496315,0.984836633,-0.766205474,-0.066818986,-0.029148621
2023,Calarasi,0.58066453,0.724795025,2.313849459,0.807524005,1.967430447,0.581218347,2.09224483,1.052256102,0.318836085,0.610817237,-0.650391679,-0.566948254,-0.36619738,0.89227947,,,,
2023,Arad,0.63942357,1.00324607,-1.062191325,0.535059461,-0.812606706,0.555000986,-1.110570011,0.376554528,0.330971189,0.03746716,-0.499353365,-0.369573069,0.636486671,-0.280279517,-0.972796455,-1.148723497,-1.99206558,
2023,Satu Mare,0.516368953,-0.064402844,-0.907727326,-0.464181783,-0.682924219,-0.524209026,-1.082813551,-0.303876271,0.334171478,0.629785763,-0.16944913,-1.117197939,0.59848587,0.570352648,-0.425427297,-0.243603193,-0.276183881,0.077742177
2023,Maramures,-0.544805123,-0.632459248,0.466328478,0.271929009,0.151303762,-0.039450367,0.83902605,0.606038681,-1.275730202,-1.541740204,0.257781016,0.305929003,-0.020547763,-0.490107271,0.505485113,-0.795368845,0.880052619,-0.26910876
2023,Buzau,0.210791973,0.510432921,-1.645798848,-1.039784383,-1.329331524,-0.63405887,-1.899473572,-1.754733708,0.538821493,0.335213987,-0.389123072,0.502779618,1.098400292,-0.163642873,-0.299749366,-0.848547077,0.104285293,-0.546384242
2023,Constanta,-2.57758338,-2.259379602,-2.210657701,-3.663524136,-3.305849326,-4.123027721,-0.315849298,-2.730748643,-1.982230466,-2.088043318,-2.924343874,-2.713790392,-1.842547765,-1.32414532,-0.780650469,0.128042776,-0.706199959,
2023,Mures,0.339911083,1.116199484,1.779312323,1.551278667,1.374940257,1.169622046,1.439575176,1.761795839,-1.660732673,-1.513222941,0.104839936,0.277280214,-0.629023449,-0.667792089,,,,
2023,Dambovita,0.074228727,-0.065869706,1.297566007,0.847278761,1.164122996,0.82649423,1.447892659,0.958058542,0.228815891,0.350917265,-0.212825659,0.075320071,2.25400716,-0.284984363,1.688663696,-0.18596559,2.687194576,
2023,Botosani,0.811930434,0.442038028,0.715136598,0.33110634,0.637573383,0.234558034,0.428822462,0.442870759,0.328061615,0.407995392,1.096351607,0.948500189,-0.153786729,0.247264733,0.418982624,0.593467996,-1.024978805,-0.780557269
2023,Caras-Severin,0.184672085,0.394476185,-0.975667092,-0.744212381,-0.683663644,-0.479468667,-1.045168488,-0.95862534,0.769040835,0.757985564,0.94590717,1.362613026,0.461910784,0.600885075,-0.954022118,-0.215434868,-1.093648307,-0.411729411
2023,Ialomita,-0.029110792,-0.081701744,1.067891642,0.146942054,0.84709226,0.23129237,1.450103334,0.35925053,0.064977953,0.508202162,0.360244648,0.486653701,3.144462712,1.192769285,3.132055884,-0.386562496,2.401691936,2.158638888
2023,Olt,0.476711546,0.353585107,0.615229568,0.148793947,0.742268713,0.206232885,0.22790667,0.010475578,0.575096748,0.244971934,-0.74858756,-1.036985868,0.092633932,0.100687018,-0.379561326,0.768001161,,
2023,Giurgiu,0.560919617,0.298971527,-0.88003515,-0.545917209,-0.410715348,-0.209927648,-1.410651259,-1.030194713,0.214234377,0.366998783,-0.772027598,-0.211919564,-1.258149288,-0.770037407,0.283876209,1.258728676,-0.285283417,0.541678912
2023,Tulcea,0.325931342,0.186493764,-0.684393907,0.13660538,-0.605549781,0.06782477,-0.564657092,0.056854654,0.607562685,0.764037504,0.657600785,0.034178768,-0.119594733,-0.278139563,-0.708304222,-0.793139456,-0.789333435,-1.035812036
2023,Iasi,0.024280642,0.157792274,0.233053394,0.859079055,0.386826749,0.975412572,0.198424149,0.554359719,0.388603127,0.575730866,0.852088409,1.014236744,0.591219588,-0.301013209,1.148083567,0.514614863,0.860163771,0.565651157
2023,Suceava,1.097901684,0.667808308,2.178047401,1.362654655,2.041247193,1.375658157,1.673235246,1.110436323,-0.114984342,-0.304411902,0.324340433,0.649426216,0.0093148,-0.274730668,-1.130652663,-0.728856104,,
2023,Covasna,0.155270616,-0.307943099,-1.453831731,-1.377913417,-1.396797319,-1.214768328,-1.670757757,-1.222560379,0.556885416,0.889148499,-0.921392597,-0.306874121,0.794203055,1.854947183,0.143424019,-0.175496797,0.14682385,-0.161751842
2023,Vrancea,-3.108080705,-3.073442667,-0.185138213,0.011266293,-0.109712158,0.16547004,-0.118729977,-0.119458311,0.105435986,0.414037432,1.895648823,0.94676282,1.48586156,0.181266859,-1.107553802,-1.271436155,-0.799347289,-0.946246598
2023,Teleorman,0.491201667,0.48190598,0.480206227,0.435200698,0.236275062,0.21040385,0.785531661,0.656571548,0.056116311,-0.003954442,-0.003781406,0.438004435,-1.329308818,-1.009336258,0.666419158,0.992933085,0.736534348,0.260540442
2023,Mehedinti,-0.095726914,0.267520919,0.026512522,-0.216347916,0.078839931,-0.052889504,0.092296098,-0.328283415,-0.23516672,0.42106746,-0.424497611,-0.216805628,1.455647566,-0.190941781,0.187716591,-0.47083773,0.958080448,-0.414596483
2023,Braila,-1.155223608,-1.135247069,-0.824211669,-1.711018575,-1.563102418,-2.119589899,0.368939641,-0.975527209,-1.437605303,-1.617525315,-1.052548457,-0.792649612,-1.247010766,-1.580879078,-1.182775281,-0.048240531,-1.161706416,-0.175096953
2023,Harghita,0.457853313,0.358828085,0.688422332,0.533246553,0.662211708,0.511551436,0.559902706,0.44564336,0.240739999,0.156601769,-0.375487558,0.487514422,-0.938617089,-0.254979927,1.339609092,-0.013119847,1.369628982,2.419041707
2023,Gorj,0.192409395,0.438578826,-0.362181398,0.035773867,-0.264152698,0.059679215,-0.372516872,0.024342816,0.479701808,0.270758312,-0.890600313,-1.245985956,0.139428521,0.40730352,,,,
2023,Dolj,0.878797433,0.664493279,-0.689495684,-0.149195505,0.029393996,0.061416404,-1.526886362,-0.3017591,-0.317750378,0.304752815,2.255114316,1.619468217,-0.599183634,0.567221406,0.425222005,-1.58600256,0.07673298,-0.982417145
2023,Cluj,0.471744089,0.079259582,1.547608244,0.676943765,1.446450107,0.509503506,1.461923597,0.72653707,0.415557556,0.143699375,0.21388076,0.019577963,-1.179061752,0.075719116,-0.17344699,0.067623704,-0.252970929,0.02247322
2023,Brasov,0.132421842,0.052936225,-0.601444643,-0.266188003,-0.513116841,-0.208001672,-0.526641948,-0.294597427,0.5285124,0.678168094,-0.968859286,-2.031963639,0.332503476,0.418737993,-0.18820582,0.870485162,-0.72282486,-1.05093973
2023,Neamt,1.150965721,0.721861688,2.208059078,1.441296015,2.032883179,1.427715212,1.743872179,1.175702282,-0.063155464,-0.286159528,0.212222329,0.424022898,0.242779514,-0.330919311,-0.506853671,0.948362924,-0.018151013,-0.924706779
2023,Arges,-0.703357701,0.16800141,0.477093574,1.336832888,0.27696827,1.238206752,0.246547851,1.237779268,-1.782574964,-1.66514849,1.262223706,1.182156989,-0.579877327,-0.941301858,-0.890084475,0.59570803,-0.628478799,
2023,Prahova,0.711972654,0.63886369,-0.113138467,-1.174979543,0.294104403,-0.702136804,-0.624055642,-2.035637977,0.504555958,0.324666607,-2.071347132,-2.502414633,-0.424515373,-0.744553912,0.158036466,-0.327695569,0.291191912,0.378937259
2023,Timis,-0.944812242,-0.301370512,-2.068053667,-1.530008258,-1.739641633,-1.344867863,-1.868876381,-1.655104629,0.732235761,0.817526076,-1.963264131,-2.260324671,0.95155005,1.880908907,-0.397710622,-1.038278213,-0.457884293,-1.041869392
2023,Salaj,-3.901278107,-4.390211368,1.152553539,0.875052169,1.207392778,0.782009064,0.850004541,1.306364341,-1.209530467,-0.948352297,1.405267549,1.057325773,-0.993849907,0.856597963,-1.977813945,-0.991451409,-0.880364191,-1.106335161
2023,Vaslui,0.797342398,0.6107593,1.589860786,1.049711199,1.531644058,0.949229686,1.426403655,1.10246955,0.072571055,0.169070687,1.599681471,1.50107003,0.22985216,-0.020917503,0.204596122,0.447340765,0.166475162,0.445318747
2023,Hunedoara,-0.047862154,-0.113418731,0.319011307,0.708373012,-0.074166797,0.18980578,1.016721793,1.664515434,0.070682541,0.285109306,0.278498809,0.384305733,-0.759179288,-0.11184992,-1.48468772,-0.652721192,-0.544725183,-2.084658041
2024,Braila,-0.929553552,-1.012835461,-0.486221447,-1.097608651,-1.174532941,-1.491523535,0.539587131,-0.589779304,-1.227984338,-1.424575278,-1.425126202,-0.821348975,-1.975295862,-2.010504766,0.173327682,0.217433812,-0.179749868,-0.866492554
2024,Olt,1.232307735,0.829893123,1.103541905,1.086399608,1.259506884,1.163803606,0.555288973,0.679933127,0.245770143,-0.113583419,0.898642688,1.29251738,-0.380000749,-0.140199951,-0.059633244,-0.320797627,,
2024,Vrancea,0.730864484,0.590211083,-0.093612765,-1.23326182,0.143544275,-0.891279059,-0.470821735,-1.768705674,0.748161103,0.849752607,0.467120278,-0.171103595,-0.503281134,-0.623429699,-0.746071201,0.050203174,,
2024,Galati,0.144843553,0.395617261,0.477027554,-0.11354198,0.347587224,-0.202818199,0.055692995,-0.200705061,0.049754014,0.38387662,-0.894855561,-0.28356991,0.014576628,1.077723394,,,,
2024,Arges,0.406248,-0.014780065,1.29161924,0.484109839,1.29182925,0.309462395,1.181096043,0.552615867,0.491767187,0.354747163,0.942548172,0.594030528,-1.53780651,-0.077377421,-1.405871785,-0.549136624,-0.735929409,-0.333715788
2024,Sibiu,0.012175684,0.379880075,-0.129564508,-0.081545961,-0.544528595,-0.42244997,0.659595983,0.499101248,0.15667294,0.014825678,0.178175457,0.43110428,0.188465295,-0.955318499,-0.020629212,0.454903932,-0.278940288,0.607796011
2024,Mures,0.415073095,0.358274357,-0.073103661,0.757044628,-0.227925861,0.465839899,0.262276453,0.965329186,0.255434261,0.334895057,0.822986845,0.078241707,-0.50430182,-0.501099628,-0.969843868,0.318852084,-1.103103208,-1.764155905
2024,Mehedinti,-2.028113128,-1.553889072,0.195590508,0.182828183,0.278530243,0.346999476,0.267523359,0.102502559,-0.216316695,0.379434758,-0.291444914,-0.949208972,1.451332349,0.210889366,-0.687215682,-1.325442419,0.289499381,1.153748965
2024,Neamt,0.060685612,0.57071621,1.306410257,0.941634286,0.862566114,0.87838622,1.55047731,0.70550587,0.227654649,0.092111835,0.91658864,0.112536852,2.204441166,-0.902911463,2.112921702,0.387927189,2.25860143,0.627291258
2024,Tulcea,0.591116916,0.245416025,0.183270631,0.191683908,0.355953056,0.184973365,-0.083927609,0.324059465,0.553142683,0.483756989,0.997710869,1.163068558,-0.158934724,0.245489375,0.377923667,1.687106351,,
2024,Prahova,0.068693383,0.27300183,-1.61959156,-0.938379669,-1.35989943,-0.743249018,-1.696298368,-1.371340299,0.379914878,0.330739353,-2.222832059,-1.652428137,-0.130400445,-0.508029667,-0.56973265,-0.444048135,-1.364480948,-1.895720053
2024,Iasi,-2.708053816,-3.293156874,0.427807978,0.11884688,0.577063404,0.068450997,-0.051396725,0.502053359,0.113566384,0.624215408,1.102807294,1.013733797,-0.688486641,1.792093357,-0.005127578,-1.851515747,0.904635019,1.013751477
2024,Brasov,0.385471895,0.213671237,0.507516304,-0.118974288,0.624446514,-0.046808478,0.224598409,-0.14805192,0.578577797,0.339104571,-1.139833516,-1.392457073,0.167315389,0.447847517,-0.718115586,-0.145435755,-0.842540147,-0.096218602
2024,Bihor,-0.151398459,-0.141282248,0.793753167,0.110107303,0.706238997,0.151585142,0.897574706,0.221769679,0.019348391,0.392090111,0.937957174,1.12427977,2.173485549,0.897782053,3.730167387,-0.650402313,1.702486252,1.737921416
2024,Teleorman,-0.095541667,-0.089898212,0.578089118,0.575347389,0.134300354,0.269913173,1.109328165,0.829179448,-1.213695771,-1.351200384,0.927416931,0.416931665,-0.375297994,-0.902266045,2.559952012,0.098934032,2.038925766,0.894982671
2024,Timis,0.221070099,-0.587262914,-2.600043602,-1.828362879,-2.067344763,-1.682298393,-2.846256977,-1.829103782,0.669443232,0.929714047,-0.845542671,-2.038071692,1.005013167,2.034209692,,,,
2024,Harghita,0.463587087,0.801010863,1.478677716,1.356571485,1.328423436,1.355937779,1.318364868,0.93443499,0.349619938,-0.251579568,0.209565342,0.608200196,0.233527314,-0.902854216,1.039761434,-0.208777683,1.082612295,0.819416994
2024,Buzau,0.256245664,0.305946761,-0.86628057,-0.206179341,-0.599208326,-0.16122324,-1.044967558,-0.306512256,0.916196387,0.757751656,-0.026161009,0.034036418,0.088534415,0.426072308,-0.911072581,0.351669401,-0.634686672,
2024,Hunedoara,-0.742020097,-1.085288051,0.957705062,0.544612539,0.534550629,0.264433918,1.592476916,0.993461714,-1.543833185,-1.652013558,0.186634814,0.911123866,0.484004105,-1.09247549,0.27295694,-0.25144274,0.977083967,
2024,Ilfov,-0.277436174,0.170844363,-1.484286589,-0.813839814,-1.251816797,-0.588710098,-1.503190101,-1.240732242,0.754181072,0.677600907,0.799178667,-0.385881994,0.236056754,0.632628728,-0.533913569,-0.194346627,-1.202724101,-0.843206864
2024,Cluj,1.38339429,1.115880251,1.352909658,1.117138679,1.404529762,1.15132536,0.909516322,0.452121091,0.192998633,-0.63481939,0.637174048,1.225699887,-1.220570336,-1.761048671,-0.063049871,0.106620625,,
2024,Suceava,-0.025558226,0.571803758,1.176865619,0.889338761,0.756095917,0.862147612,1.439216149,0.624951314,0.207120349,0.118766012,0.867923557,0.099542758,2.249662016,-0.885420129,1.873316359,-0.228940363,2.197025314,1.253966078
2024,Vaslui,-2.734250474,-2.901149296,1.39396892,1.265594552,1.396563261,1.211189966,1.135495256,1.180301589,-1.744792506,-1.607445691,0.633809227,-0.166326578,0.031654461,-0.058734691,-0.289915819,0.372490949,,-0.218277157
2024,Calarasi,-0.308648034,0.258864584,-0.132125958,0.027913373,-0.229161981,0.058808006,0.023265134,-0.023614891,0.44888491,0.388850218,-0.205362174,-1.330602974,0.093415309,0.347179808,-0.394121426,-0.513793057,-0.521677265,-0.974632669
2024,Dolj,-0.83263859,-0.226774938,-1.861530034,-1.000348781,-1.836686984,-1.076396375,-1.239811717,-0.767277581,0.876537101,1.056335334,-0.485236071,-0.092407661,1.571459281,2.152959112,1.330346599,-1.161779891,0.151244478,0.548435771
2024,Maramures,-1.445679991,-0.471787752,0.374976431,0.713952859,-0.239502383,0.349747036,0.842538704,1.058881956,-3.880361754,-3.806262163,0.012264598,0.169203992,-0.748457652,-1.436561746,-0.831949872,-0.350905069,-0.71297124,
2024,Giurgiu,0.308435169,0.002275867,-0.374840149,-0.842637214,0.012116028,-0.456900526,-0.926221239,-1.180330327,0.45944388,0.75605936,-0.817097153,-0.247115075,-0.081518392,0.748332125,-1.175504339,-1.076157195,-0.150854307,-1.345227958
2024,Constanta,-2.304052456,-2.555356569,-2.58367799,-4.142580534,-3.497304662,-4.525286408,-0.85318654,-3.245110786,-2.070626077,-1.949541058,-2.789013085,-2.961653476,-1.76619672,-1.097214258,-0.727990383,-0.539511532,-2.135180252,-0.77011567
2024,Arad,0.660171613,0.399598765,-0.363154761,-0.008957563,-0.064924344,0.133581016,-0.84546132,-0.249584109,0.182682967,0.187871793,-1.266692094,-1.857357156,-1.083896939,-0.130303211,-1.217807016,-0.642272703,-1.235093272,-0.878610959
2024,Dambovita,0.860412569,0.435848989,0.234855023,1.380445835,0.596962008,1.34859635,-0.548168185,1.280065592,-0.226360069,-0.240109187,-0.533640885,-0.343962505,-0.180373234,-0.463350791,-0.103810933,1.151685828,-0.419687359,-1.281754026
2024,Botosani,0.698282334,0.36727609,0.931682945,1.27783245,0.708653257,0.935542582,1.027521479,1.85062233,0.65937151,0.661024766,1.074690746,0.665479066,0.457290809,0.11483827,0.191307748,1.013689111,0.696332333,0.422787775
2024,Gorj,0.227843764,0.085753913,-0.102636001,-0.301212525,-0.194570963,-0.21676825,0.109539963,-0.233472582,0.545584673,0.420341844,-0.532413782,-0.199375746,0.112377276,-0.014103761,-0.089793078,0.855939689,-0.878326363,-0.483136562
2024,Bacau,0.116789372,0.556098067,-0.741419689,-0.123307689,-0.619323255,0.129882518,-0.97756003,-0.830554453,0.486518885,-0.0489178,-0.443580534,0.265302191,0.646820312,-0.631538454,0.231961875,-0.689846296,-0.061505397,0.260014624
2024,Alba,0.4455987,0.549527382,-0.683986745,0.737268797,-0.692052109,0.461801655,-0.519625691,1.297960947,-0.451051593,-0.619525553,1.621340996,1.42588524,-0.214554887,0.890101423,-0.737507406,1.080271891,-0.831030084,
2024,Covasna,0.317782689,-0.129400859,-0.614411508,-0.669563347,-0.131302691,-0.414881154,-1.07141795,-0.872675193,0.312588058,0.468046731,-0.823482821,0.038311721,-1.013606179,0.30716511,1.296628036,-0.407873951,1.122673859,2.254916638
2024,Satu Mare,0.867004489,0.921003253,0.447282368,1.029131994,0.553128542,0.987192261,0.153290303,0.833070497,0.267798337,-0.190065758,-0.811503421,-0.660740135,0.005550822,-1.371239592,-0.237848201,-0.499677144,-0.743305697,-0.352524724
2024,Ialomita,0.697476773,0.681907996,0.69855843,0.63442593,1.05489677,0.683726414,0.179764394,0.706315936,-0.732910667,-0.058626331,0.323584977,0.221176155,0.37746981,0.053383789,1.389122211,-1.57477858,-0.743870858,0.138780063
2024,Caras-Severin,0.323485774,0.725907678,-0.163942633,0.909956007,0.340037298,1.20770691,-0.578638519,0.074733963,0.185331777,0.216400038,0.875132016,1.076642322,1.863671885,-1.23526045,-0.146980011,0.160125602,0.258448972,0.569389546
2024,Bistrita-Nasaud,0.247570602,-0.230855594,0.496288583,-0.241571953,0.659747994,-0.15730298,0.235564826,-0.141337623,0.381846443,0.638100642,-1.024113309,-0.589787496,-0.403488635,0.616580207,0.563160415,0.179684042,0.076111762,0.770452861
2024,Valcea,-0.363152528,0.070739177,-0.069354588,-0.489777576,-0.192379368,-0.298047494,0.309519486,-0.582584402,0.689441852,0.68228007,-0.634606276,-0.639553208,1.323716698,1.361544391,0.581919607,0.025358992,0.390313321,-0.02314902
2024,Salaj,0.302781509,1.226203407,1.687906819,1.662929501,1.351830822,1.391010869,1.235558084,1.743507386,-1.799959947,-1.74993697,0.317265969,0.928506392,-0.629496226,-0.828870926,,,,
